Time,LogitFit,LogitSE
0,0.5587946,0.0362479
0.024024,0.5587946,0.0362479
0.048048,0.5587946,0.0362479
0.0720721,0.5587946,0.0362479
0.0960961,0.5587946,0.0362479
0.1201201,0.5587946,0.0362479
0.1441441,0.5587946,0.0362479
0.1681682,0.5587946,0.0362479
0.1921922,0.5587946,0.0362479
0.2162162,0.5587946,0.0362479
0.2402402,0.5587946,0.0362479
0.2642643,0.5587946,0.0362479
0.2882883,0.5587946,0.0362479
0.3123123,0.5587946,0.0362479
0.3363363,0.5587946,0.0362479
0.3603604,0.5587946,0.0362479
0.3843844,0.5587946,0.0362479
0.4084084,0.5587946,0.0362479
0.4324324,0.5587946,0.0362479
0.4564565,0.5587946,0.0362479
0.4804805,0.5587946,0.0362479
0.5045045,0.5587946,0.0362479
0.5285285,0.5587946,0.0362479
0.5525526,0.5587946,0.0362479
0.5765766,0.5587946,0.0362479
0.6006006,0.5587946,0.0362479
0.6246246,0.5587946,0.0362479
0.6486486,0.5587946,0.0362479
0.6726727,0.5587946,0.0362479
0.6966967,0.5587946,0.0362479
0.7207207,0.5587946,0.0362479
0.7447447,0.5587946,0.0362479
0.7687688,0.5587946,0.0362479
0.7927928,0.5587946,0.0362479
0.8168168,0.5587946,0.0362479
0.8408408,0.5587946,0.0362479
0.8648649,0.5587946,0.0362479
0.8888889,0.5587946,0.0362479
0.9129129,0.5587946,0.0362479
0.9369369,0.5587946,0.0362479
0.960961,0.5587946,0.0362479
0.984985,0.5587946,0.0362479
1.009009,0.5587946,0.0362479
1.033033,0.5587946,0.0362479
1.0570571,0.5587946,0.0362479
1.0810811,0.5587946,0.0362479
1.1051051,0.5587946,0.0362479
1.1291291,0.5587946,0.0362479
1.1531532,0.5587946,0.0362479
1.1771772,0.5587946,0.0362479
1.2012012,0.5587946,0.0362479
1.2252252,0.5587946,0.0362479
1.2492492,0.5587946,0.0362479
1.2732733,0.5587946,0.0362479
1.2972973,0.5587946,0.0362479
1.3213213,0.5587946,0.0362479
1.3453453,0.5587946,0.0362479
1.3693694,0.5587946,0.0362479
1.3933934,0.5587946,0.0362479
1.4174174,0.5587946,0.0362479
1.4414414,0.5587946,0.0362479
1.4654655,0.5587946,0.0362479
1.4894895,0.5587946,0.0362479
1.5135135,0.5587946,0.0362479
1.5375375,0.5587946,0.0362479
1.5615616,0.5587946,0.0362479
1.5855856,0.5587946,0.0362479
1.6096096,0.5587946,0.0362479
1.6336336,0.5587946,0.0362479
1.6576577,0.5587946,0.0362479
1.6816817,0.5587946,0.0362479
1.7057057,0.5587946,0.0362479
1.7297297,0.5587946,0.0362479
1.7537538,0.5587946,0.0362479
1.7777778,0.5587946,0.0362479
1.8018018,0.5587946,0.0362479
1.8258258,0.5587946,0.0362479
1.8498498,0.5587946,0.0362479
1.8738739,0.5587946,0.0362479
1.8978979,0.5587946,0.0362479
1.9219219,0.5587946,0.0362479
1.9459459,0.5587946,0.0362479
1.96997,0.5587946,0.0362479
1.993994,0.5587946,0.0362479
2.018018,0.5587946,0.0362479
2.042042,0.5587946,0.0362479
2.0660661,0.5587946,0.0362479
2.0900901,0.5587946,0.0362479
2.1141141,0.5587946,0.0362479
2.1381381,0.5587946,0.0362479
2.1621622,0.5587946,0.0362479
2.1861862,0.5587946,0.0362479
2.2102102,0.5587946,0.0362479
2.2342342,0.5587946,0.0362479
2.2582583,0.5587946,0.0362479
2.2822823,0.5587946,0.0362479
2.3063063,0.5587946,0.0362479
2.3303303,0.5587946,0.0362479
2.3543544,0.5587946,0.0362479
2.3783784,0.5587946,0.0362479
2.4024024,0.5587946,0.0362479
2.4264264,0.5587946,0.0362479
2.4504505,0.5587946,0.0362479
2.4744745,0.5587946,0.0362479
2.4984985,0.5587946,0.0362479
2.5225225,0.5587946,0.0362479
2.5465465,0.5587946,0.0362479
2.5705706,0.5587946,0.0362479
2.5945946,0.5587946,0.0362479
2.6186186,0.5587946,0.0362479
2.6426426,0.5587946,0.0362479
2.6666667,0.5587946,0.0362479
2.6906907,0.5587946,0.0362479
2.7147147,0.5587946,0.0362479
2.7387387,0.5587946,0.0362479
2.7627628,0.5587946,0.0362479
2.7867868,0.5587946,0.0362479
2.8108108,0.5587946,0.0362479
2.8348348,0.5587946,0.0362479
2.8588589,0.5587946,0.0362479
2.8828829,0.5587946,0.0362479
2.9069069,0.5587946,0.0362479
2.9309309,0.5587946,0.0362479
2.954955,0.5587946,0.0362479
2.978979,0.5587946,0.0362479
3.003003,0.5582608,0.0362004
3.027027,0.5540001,0.0358223
3.0510511,0.5497566,0.0354482
3.0750751,0.5455302,0.0350779
3.0990991,0.541321,0.0347114
3.1231231,0.5371287,0.0343489
3.1471471,0.5329536,0.0339902
3.1711712,0.5287954,0.0336355
3.1951952,0.5246541,0.0332847
3.2192192,0.5205297,0.0329378
3.2432432,0.5164222,0.0325949
3.2672673,0.5123316,0.0322559
3.2912913,0.5082577,0.0319209
3.3153153,0.5042006,0.03159
3.3393393,0.5001601,0.031263
3.3633634,0.4961364,0.0309401
3.3873874,0.4921292,0.0306212
3.4114114,0.4881387,0.0303064
3.4354354,0.4841647,0.0299956
3.4594595,0.4802072,0.029689
3.4834835,0.4762662,0.0293865
3.5075075,0.4723416,0.029088
3.5315315,0.4684334,0.0287938
3.5555556,0.4645415,0.0285037
3.5795796,0.460666,0.0282177
3.6036036,0.4568067,0.027936
3.6276276,0.4529636,0.0276584
3.6516517,0.4491368,0.0273851
3.6756757,0.4453261,0.0271161
3.6996997,0.4415315,0.0268512
3.7237237,0.437753,0.0265907
3.7477477,0.4339905,0.0263344
3.7717718,0.430244,0.0260824
3.7957958,0.4265134,0.0258347
3.8198198,0.4227988,0.0255914
3.8438438,0.4191,0.0253524
3.8678679,0.4154171,0.0251177
3.8918919,0.41175,0.0248874
3.9159159,0.4080986,0.0246615
3.9399399,0.404463,0.02444
3.963964,0.400843,0.0242228
3.987988,0.3972386,0.0240101
4.012012,0.3936499,0.0238017
4.036036,0.3900767,0.0235978
4.0600601,0.386519,0.0233983
4.0840841,0.3829768,0.0232032
4.1081081,0.37945,0.0230125
4.1321321,0.3759387,0.0228263
4.1561562,0.3724426,0.0226445
4.1801802,0.368962,0.0224671
4.2042042,0.3654965,0.0222942
4.2282282,0.3620464,0.0221257
4.2522523,0.3586114,0.0219615
4.2762763,0.3551916,0.0218019
4.3003003,0.3517869,0.0216466
4.3243243,0.3483973,0.0214957
4.3483483,0.3450227,0.0213491
4.3723724,0.3416631,0.021207
4.3963964,0.3383185,0.0210692
4.4204204,0.3349888,0.0209357
4.4444444,0.331674,0.0208065
4.4684685,0.3283741,0.0206817
4.4924925,0.3250889,0.020561
4.5165165,0.3218185,0.0204447
4.5405405,0.3185628,0.0203325
4.5645646,0.3153218,0.0202245
4.5885886,0.3120955,0.0201207
4.6126126,0.3088838,0.020021
4.6366366,0.3056866,0.0199254
4.6606607,0.3025039,0.0198338
4.6846847,0.2993358,0.0197462
4.7087087,0.2961821,0.0196626
4.7327327,0.2930428,0.0195829
4.7567568,0.2899178,0.019507
4.7807808,0.2868072,0.019435
4.8048048,0.2837109,0.0193667
4.8288288,0.2806288,0.0193022
4.8528529,0.2775609,0.0192413
4.8768769,0.2745072,0.0191841
4.9009009,0.2714676,0.0191304
4.9249249,0.2684422,0.0190802
4.9489489,0.2654307,0.0190334
4.972973,0.2624333,0.0189901
4.996997,0.2594498,0.01895
5.021021,0.2564803,0.0189132
5.045045,0.2535247,0.0188796
5.0690691,0.2505829,0.0188491
5.0930931,0.2476549,0.0188216
5.1171171,0.2447407,0.0187972
5.1411411,0.2418403,0.0187757
5.1651652,0.2389535,0.018757
5.1891892,0.2360804,0.0187411
5.2132132,0.2332209,0.018728
5.2372372,0.230375,0.0187175
5.2612613,0.2275426,0.0187095
5.2852853,0.2247237,0.0187041
5.3093093,0.2219182,0.0187011
5.3333333,0.2191262,0.0187005
5.3573574,0.2163475,0.0187022
5.3813814,0.2135822,0.0187061
5.4054054,0.2108302,0.0187122
5.4294294,0.2080914,0.0187204
5.4534535,0.2053659,0.0187306
5.4774775,0.2026535,0.0187428
5.5015015,0.1999543,0.0187568
5.5255255,0.1972682,0.0187727
5.5495495,0.1945951,0.0187903
5.5735736,0.191935,0.0188096
5.5975976,0.1892879,0.0188306
5.6216216,0.1866538,0.0188531
5.6456456,0.1840326,0.0188771
5.6696697,0.1814242,0.0189025
5.6936937,0.1788286,0.0189293
5.7177177,0.1762459,0.0189574
5.7417417,0.1736758,0.0189868
5.7657658,0.1711185,0.0190174
5.7897898,0.1685738,0.0190491
5.8138138,0.1660418,0.0190819
5.8378378,0.1635223,0.0191157
5.8618619,0.1610154,0.0191505
5.8858859,0.158521,0.0191862
5.9099099,0.156039,0.0192228
5.9339339,0.1535695,0.0192602
5.957958,0.1511124,0.0192984
5.981982,0.1486676,0.0193372
6.006006,0.1462351,0.0193768
6.03003,0.1438148,0.0194169
6.0540541,0.1414068,0.0194577
6.0780781,0.139011,0.019499
6.1021021,0.1366273,0.0195407
6.1261261,0.1342558,0.0195829
6.1501502,0.1318963,0.0196256
6.1741742,0.1295488,0.0196685
6.1981982,0.1272133,0.0197118
6.2222222,0.1248898,0.0197554
6.2462462,0.1225782,0.0197993
6.2702703,0.1202784,0.0198433
6.2942943,0.1179905,0.0198876
6.3183183,0.1157144,0.019932
6.3423423,0.11345,0.0199765
6.3663664,0.1111973,0.020021
6.3903904,0.1089563,0.0200657
6.4144144,0.1067269,0.0201103
6.4384384,0.1045092,0.0201549
6.4624625,0.1023029,0.0201995
6.4864865,0.1001082,0.0202441
6.5105105,0.097925,0.0202885
6.5345345,0.0957532,0.0203328
6.5585586,0.0935928,0.020377
6.5825826,0.0914437,0.020421
6.6066066,0.089306,0.0204648
6.6306306,0.0871795,0.0205084
6.6546547,0.0850642,0.0205518
6.6786787,0.0829602,0.0205949
6.7027027,0.0808673,0.0206377
6.7267267,0.0787855,0.0206802
6.7507508,0.0767149,0.0207224
6.7747748,0.0746552,0.0207643
6.7987988,0.0726065,0.0208059
6.8228228,0.0705688,0.020847
6.8468468,0.068542,0.0208878
6.8708709,0.0665261,0.0209282
6.8948949,0.0645211,0.0209681
6.9189189,0.0625268,0.0210076
6.9429429,0.0605433,0.0210467
6.966967,0.0585705,0.0210854
6.990991,0.0566084,0.0211235
7.015015,0.0546569,0.0211612
7.039039,0.052716,0.0211984
7.0630631,0.0507857,0.021235
7.0870871,0.0488659,0.0212712
7.1111111,0.0469566,0.0213068
7.1351351,0.0450578,0.0213419
7.1591592,0.0431693,0.0213765
7.1831832,0.0412912,0.0214105
7.2072072,0.0394234,0.0214439
7.2312312,0.0375659,0.0214768
7.2552553,0.0357187,0.0215091
7.2792793,0.0338816,0.0215408
7.3033033,0.0320547,0.0215719
7.3273273,0.030238,0.0216024
7.3513514,0.0284313,0.0216323
7.3753754,0.0266347,0.0216616
7.3993994,0.0248481,0.0216903
7.4234234,0.0230714,0.0217184
7.4474474,0.0213047,0.0217458
7.4714715,0.0195478,0.0217726
7.4954955,0.0178008,0.0217988
7.5195195,0.0160637,0.0218244
7.5435435,0.0143362,0.0218493
7.5675676,0.0126185,0.0218735
7.5915916,0.0109105,0.0218972
7.6156156,0.0092122,0.0219202
7.6396396,0.0075234,0.0219425
7.6636637,0.0058443,0.0219642
7.6876877,0.0041746,0.0219852
7.7117117,0.0025145,0.0220056
7.7357357,0.0008638,0.0220253
7.7597598,-0.0007775,0.0220444
7.7837838,-0.0024094,0.0220628
7.8078078,-0.004032,0.0220806
7.8318318,-0.0056453,0.0220977
7.8558559,-0.0072494,0.0221142
7.8798799,-0.0088442,0.02213
7.9039039,-0.0104299,0.0221452
7.9279279,-0.0120064,0.0221597
7.951952,-0.0135738,0.0221735
7.975976,-0.0151322,0.0221867
8,-0.0166816,0.0221993
8.024024,-0.0182219,0.0222112
8.048048,-0.0197534,0.0222225
8.0720721,-0.0212759,0.0222331
8.0960961,-0.0227896,0.0222431
8.1201201,-0.0242945,0.0222525
8.1441441,-0.0257906,0.0222612
8.1681682,-0.027278,0.0222693
8.1921922,-0.0287567,0.0222768
8.2162162,-0.0302267,0.0222836
8.2402402,-0.0316881,0.0222899
8.2642643,-0.0331409,0.0222955
8.2882883,-0.0345852,0.0223005
8.3123123,-0.036021,0.0223049
8.3363363,-0.0374483,0.0223086
8.3603604,-0.0388672,0.0223118
8.3843844,-0.0402777,0.0223144
8.4084084,-0.0416799,0.0223164
8.4324324,-0.0430738,0.0223178
8.4564565,-0.0444594,0.0223187
8.4804805,-0.0458368,0.0223189
8.5045045,-0.047206,0.0223186
8.5285285,-0.048567,0.0223177
8.5525526,-0.04992,0.0223163
8.5765766,-0.0512649,0.0223142
8.6006006,-0.0526018,0.0223117
8.6246246,-0.0539307,0.0223086
8.6486486,-0.0552516,0.022305
8.6726727,-0.0565647,0.0223008
8.6966967,-0.0578699,0.0222961
8.7207207,-0.0591672,0.0222909
8.7447447,-0.0604568,0.0222851
8.7687688,-0.0617386,0.0222789
8.7927928,-0.0630128,0.0222722
8.8168168,-0.0642792,0.0222649
8.8408408,-0.065538,0.0222572
8.8648649,-0.0667893,0.022249
8.8888889,-0.068033,0.0222403
8.9129129,-0.0692692,0.0222312
8.9369369,-0.0704979,0.0222216
8.960961,-0.0717192,0.0222115
8.984985,-0.0729331,0.022201
9.009009,-0.0741396,0.0221901
9.033033,-0.0753388,0.0221787
9.0570571,-0.0765308,0.0221669
9.0810811,-0.0777155,0.0221547
9.1051051,-0.0788931,0.0221421
9.1291291,-0.0800635,0.0221291
9.1531532,-0.0812268,0.0221157
9.1771772,-0.082383,0.0221019
9.2012012,-0.0835322,0.0220877
9.2252252,-0.0846743,0.0220732
9.2492492,-0.0858096,0.0220583
9.2732733,-0.0869379,0.022043
9.2972973,-0.0880593,0.0220275
9.3213213,-0.089174,0.0220115
9.3453453,-0.0902818,0.0219953
9.3693694,-0.0913828,0.0219787
9.3933934,-0.0924772,0.0219619
9.4174174,-0.0935649,0.0219447
9.4414414,-0.0946459,0.0219272
9.4654655,-0.0957203,0.0219095
9.4894895,-0.0967882,0.0218915
9.5135135,-0.0978496,0.0218732
9.5375375,-0.0989045,0.0218547
9.5615616,-0.0999529,0.0218359
9.5855856,-0.100995,0.0218169
9.6096096,-0.1020307,0.0217977
9.6336336,-0.1030601,0.0217782
9.6576577,-0.1040832,0.0217586
9.6816817,-0.1051,0.0217387
9.7057057,-0.1061107,0.0217187
9.7297297,-0.1071152,0.0216984
9.7537538,-0.1081136,0.0216781
9.7777778,-0.1091059,0.0216575
9.8018018,-0.1100921,0.0216368
9.8258258,-0.1110724,0.021616
9.8498498,-0.1120467,0.021595
9.8738739,-0.113015,0.0215739
9.8978979,-0.1139775,0.0215527
9.9219219,-0.1149342,0.0215314
9.9459459,-0.115885,0.02151
9.96997,-0.1168301,0.0214885
9.993994,-0.1177694,0.0214669
10.018018,-0.1187031,0.0214453
10.042042,-0.1196311,0.0214237
10.0660661,-0.1205536,0.0214019
10.0900901,-0.1214704,0.0213802
10.1141141,-0.1223817,0.0213585
10.1381381,-0.1232876,0.0213367
10.1621622,-0.124188,0.0213149
10.1861862,-0.125083,0.0212932
10.2102102,-0.1259726,0.0212714
10.2342342,-0.1268569,0.0212497
10.2582583,-0.1277359,0.021228
10.2822823,-0.1286097,0.0212064
10.3063063,-0.1294782,0.0211848
10.3303303,-0.1303416,0.0211634
10.3543544,-0.1311999,0.0211419
10.3783784,-0.132053,0.0211206
10.4024024,-0.1329011,0.0210994
10.4264264,-0.1337442,0.0210783
10.4504505,-0.1345824,0.0210573
10.4744745,-0.1354156,0.0210364
10.4984985,-0.1362439,0.0210157
10.5225225,-0.1370673,0.0209952
10.5465465,-0.137886,0.0209748
10.5705706,-0.1386999,0.0209545
10.5945946,-0.139509,0.0209345
10.6186186,-0.1403134,0.0209146
10.6426426,-0.1411132,0.020895
10.6666667,-0.1419084,0.0208755
10.6906907,-0.142699,0.0208563
10.7147147,-0.1434851,0.0208373
10.7387387,-0.1442667,0.0208185
10.7627628,-0.1450438,0.0208
10.7867868,-0.1458165,0.0207818
10.8108108,-0.1465848,0.0207638
10.8348348,-0.1473488,0.0207461
10.8588589,-0.1481085,0.0207287
10.8828829,-0.148864,0.0207116
10.9069069,-0.1496152,0.0206948
10.9309309,-0.1503622,0.0206783
10.954955,-0.1511051,0.0206622
10.978979,-0.1518439,0.0206464
11.003003,-0.1525787,0.0206309
11.027027,-0.1533094,0.0206157
11.0510511,-0.1540362,0.020601
11.0750751,-0.154759,0.0205866
11.0990991,-0.1554779,0.0205726
11.1231231,-0.156193,0.020559
11.1471471,-0.1569042,0.0205457
11.1711712,-0.1576116,0.0205329
11.1951952,-0.1583153,0.0205205
11.2192192,-0.1590153,0.0205085
11.2432432,-0.1597117,0.0204969
11.2672673,-0.1604044,0.0204858
11.2912913,-0.1610935,0.0204751
11.3153153,-0.1617791,0.0204649
11.3393393,-0.1624612,0.0204552
11.3633634,-0.1631399,0.0204459
11.3873874,-0.1638151,0.020437
11.4114114,-0.1644869,0.0204287
11.4354354,-0.1651553,0.0204208
11.4594595,-0.1658205,0.0204135
11.4834835,-0.1664824,0.0204066
11.5075075,-0.1671411,0.0204003
11.5315315,-0.1677966,0.0203945
11.5555556,-0.1684489,0.0203892
11.5795796,-0.1690981,0.0203844
11.6036036,-0.1697443,0.0203802
11.6276276,-0.1703874,0.0203765
11.6516517,-0.1710276,0.0203733
11.6756757,-0.1716648,0.0203707
11.6996997,-0.1722991,0.0203686
11.7237237,-0.1729305,0.0203671
11.7477477,-0.1735591,0.0203662
11.7717718,-0.1741849,0.0203659
11.7957958,-0.1748079,0.0203661
11.8198198,-0.1754283,0.0203669
11.8438438,-0.176046,0.0203683
11.8678679,-0.176661,0.0203703
11.8918919,-0.1772734,0.0203728
11.9159159,-0.1778833,0.020376
11.9399399,-0.1784907,0.0203798
11.963964,-0.1790956,0.0203841
11.987988,-0.1796981,0.0203891
12.012012,-0.1802982,0.0203947
12.036036,-0.1808959,0.0204009
12.0600601,-0.1814913,0.0204077
12.0840841,-0.1820845,0.0204151
12.1081081,-0.1826754,0.0204231
12.1321321,-0.1832641,0.0204318
12.1561562,-0.1838506,0.0204411
12.1801802,-0.1844351,0.020451
12.2042042,-0.1850174,0.0204615
12.2282282,-0.1855977,0.0204726
12.2522523,-0.1861761,0.0204844
12.2762763,-0.1867524,0.0204968
12.3003003,-0.1873269,0.0205099
12.3243243,-0.1878995,0.0205235
12.3483483,-0.1884702,0.0205378
12.3723724,-0.1890391,0.0205527
12.3963964,-0.1896063,0.0205683
12.4204204,-0.1901718,0.0205844
12.4444444,-0.1907355,0.0206012
12.4684685,-0.1912977,0.0206187
12.4924925,-0.1918582,0.0206367
12.5165165,-0.1924172,0.0206554
12.5405405,-0.1929746,0.0206747
12.5645646,-0.1935306,0.0206946
12.5885886,-0.1940851,0.0207151
12.6126126,-0.1946382,0.0207363
12.6366366,-0.19519,0.020758
12.6606607,-0.1957405,0.0207804
12.6846847,-0.1962896,0.0208034
12.7087087,-0.1968375,0.020827
12.7327327,-0.1973842,0.0208511
12.7567568,-0.1979298,0.0208759
12.7807808,-0.1984742,0.0209013
12.8048048,-0.1990175,0.0209273
12.8288288,-0.1995598,0.0209539
12.8528529,-0.2001011,0.020981
12.8768769,-0.2006414,0.0210088
12.9009009,-0.2011808,0.0210371
12.9249249,-0.2017193,0.021066
12.9489489,-0.202257,0.0210954
12.972973,-0.2027938,0.0211254
12.996997,-0.2033299,0.021156
13.021021,-0.2038652,0.0211872
13.045045,-0.2043999,0.0212189
13.0690691,-0.2049339,0.0212511
13.0930931,-0.2054673,0.0212839
13.1171171,-0.2060001,0.0213172
13.1411411,-0.2065324,0.021351
13.1651652,-0.2070642,0.0213854
13.1891892,-0.2075956,0.0214202
13.2132132,-0.2081266,0.0214556
13.2372372,-0.2086571,0.0214915
13.2612613,-0.2091874,0.0215279
13.2852853,-0.2097173,0.0215648
13.3093093,-0.210247,0.0216021
13.3333333,-0.2107765,0.02164
13.3573574,-0.2113058,0.0216783
13.3813814,-0.211835,0.0217171
13.4054054,-0.2123641,0.0217563
13.4294294,-0.2128931,0.021796
13.4534535,-0.2134222,0.0218362
13.4774775,-0.2139512,0.0218767
13.5015015,-0.2144803,0.0219178
13.5255255,-0.2150095,0.0219592
13.5495495,-0.2155389,0.022001
13.5735736,-0.2160684,0.0220433
13.5975976,-0.2165982,0.022086
13.6216216,-0.2171282,0.022129
13.6456456,-0.2176585,0.0221724
13.6696697,-0.2181892,0.0222163
13.6936937,-0.2187202,0.0222605
13.7177177,-0.2192517,0.022305
13.7417417,-0.2197836,0.0223499
13.7657658,-0.2203161,0.0223952
13.7897898,-0.220849,0.0224407
13.8138138,-0.2213826,0.0224867
13.8378378,-0.2219168,0.0225329
13.8618619,-0.2224516,0.0225795
13.8858859,-0.2229871,0.0226263
13.9099099,-0.2235234,0.0226735
13.9339339,-0.2240604,0.022721
13.957958,-0.2245983,0.0227687
13.981982,-0.225137,0.0228167
14.006006,-0.2256766,0.022865
14.03003,-0.2262172,0.0229135
14.0540541,-0.2267587,0.0229623
14.0780781,-0.2273013,0.0230113
14.1021021,-0.2278449,0.0230606
14.1261261,-0.2283896,0.02311
14.1501502,-0.2289354,0.0231597
14.1741742,-0.2294824,0.0232096
14.1981982,-0.2300306,0.0232597
14.2222222,-0.2305801,0.02331
14.2462462,-0.2311309,0.0233605
14.2702703,-0.231683,0.0234111
14.2942943,-0.2322365,0.0234619
14.3183183,-0.2327913,0.0235129
14.3423423,-0.2333477,0.023564
14.3663664,-0.2339055,0.0236152
14.3903904,-0.2344649,0.0236666
14.4144144,-0.2350258,0.0237181
14.4384384,-0.2355884,0.0237697
14.4624625,-0.2361525,0.0238215
14.4864865,-0.2367184,0.0238733
14.5105105,-0.237286,0.0239252
14.5345345,-0.2378554,0.0239772
14.5585586,-0.2384266,0.0240293
14.5825826,-0.2389997,0.0240814
14.6066066,-0.2395746,0.0241336
14.6306306,-0.2401515,0.0241858
14.6546547,-0.2407303,0.0242381
14.6786787,-0.2413111,0.0242904
14.7027027,-0.241894,0.0243428
14.7267267,-0.242479,0.0243951
14.7507508,-0.243066,0.0244475
14.7747748,-0.2436553,0.0244999
14.7987988,-0.2442468,0.0245523
14.8228228,-0.2448405,0.0246046
14.8468468,-0.2454365,0.0246569
14.8708709,-0.2460348,0.0247092
14.8948949,-0.2466355,0.0247615
14.9189189,-0.2472385,0.0248137
14.9429429,-0.2478441,0.0248659
14.966967,-0.2484521,0.024918
14.990991,-0.2490626,0.02497
15.015015,-0.2496757,0.025022
15.039039,-0.2502914,0.0250739
15.0630631,-0.2509097,0.0251257
15.0870871,-0.2515308,0.0251774
15.1111111,-0.2521545,0.025229
15.1351351,-0.252781,0.0252804
15.1591592,-0.2534103,0.0253318
15.1831832,-0.2540425,0.0253831
15.2072072,-0.2546775,0.0254342
15.2312312,-0.2553154,0.0254851
15.2552553,-0.2559563,0.025536
15.2792793,-0.2566002,0.0255866
15.3033033,-0.2572471,0.0256372
15.3273273,-0.2578972,0.0256875
15.3513514,-0.2585503,0.0257377
15.3753754,-0.2592066,0.0257877
15.3993994,-0.259866,0.0258375
15.4234234,-0.2605288,0.0258872
15.4474474,-0.2611948,0.0259366
15.4714715,-0.2618641,0.0259859
15.4954955,-0.2625367,0.0260349
15.5195195,-0.2632128,0.0260837
15.5435435,-0.2638923,0.0261323
15.5675676,-0.2645753,0.0261807
15.5915916,-0.2652617,0.0262288
15.6156156,-0.2659518,0.0262767
15.6396396,-0.2666454,0.0263244
15.6636637,-0.2673427,0.0263718
15.6876877,-0.2680436,0.026419
15.7117117,-0.2687482,0.0264659
15.7357357,-0.2694566,0.0265125
15.7597598,-0.2701688,0.0265589
15.7837838,-0.2708849,0.026605
15.8078078,-0.2716047,0.0266509
15.8318318,-0.2723285,0.0266964
15.8558559,-0.2730563,0.0267417
15.8798799,-0.273788,0.0267866
15.9039039,-0.2745238,0.0268313
15.9279279,-0.2752636,0.0268757
15.951952,-0.2760076,0.0269198
15.975976,-0.2767557,0.0269635
16,-0.277508,0.027007
16.024024,-0.2782645,0.0270501
16.048048,-0.2790252,0.0270929
16.0720721,-0.2797903,0.0271354
16.0960961,-0.2805598,0.0271776
16.1201201,-0.2813336,0.0272194
16.1441441,-0.2821118,0.0272609
16.1681682,-0.2828945,0.0273021
16.1921922,-0.2836817,0.0273429
16.2162162,-0.2844735,0.0273834
16.2402402,-0.2852698,0.0274235
16.2642643,-0.2860708,0.0274633
16.2882883,-0.2868764,0.0275028
16.3123123,-0.2876867,0.0275419
16.3363363,-0.2885018,0.0275806
16.3603604,-0.2893217,0.027619
16.3843844,-0.2901463,0.027657
16.4084084,-0.2909759,0.0276947
16.4324324,-0.2918103,0.0277319
16.4564565,-0.2926497,0.0277689
16.4804805,-0.2934941,0.0278054
16.5045045,-0.2943435,0.0278416
16.5285285,-0.2951979,0.0278774
16.5525526,-0.2960574,0.0279129
16.5765766,-0.2969221,0.027948
16.6006006,-0.297792,0.0279827
16.6246246,-0.2986671,0.028017
16.6486486,-0.2995474,0.028051
16.6726727,-0.300433,0.0280846
16.6966967,-0.301324,0.0281178
16.7207207,-0.3022203,0.0281507
16.7447447,-0.3031221,0.0281831
16.7687688,-0.3040293,0.0282152
16.7927928,-0.3049421,0.028247
16.8168168,-0.3058603,0.0282783
16.8408408,-0.3067841,0.0283093
16.8648649,-0.3077136,0.0283399
16.8888889,-0.3086487,0.0283702
16.9129129,-0.3095895,0.0284001
16.9369369,-0.310536,0.0284296
16.960961,-0.3114883,0.0284587
16.984985,-0.3124464,0.0284875
17.009009,-0.3134104,0.028516
17.033033,-0.3143802,0.028544
17.0570571,-0.315356,0.0285717
17.0810811,-0.3163378,0.0285991
17.1051051,-0.3173256,0.0286261
17.1291291,-0.3183194,0.0286528
17.1531532,-0.3193193,0.0286791
17.1771772,-0.3203254,0.0287051
17.2012012,-0.3213376,0.0287308
17.2252252,-0.322356,0.0287561
17.2492492,-0.3233807,0.0287811
17.2732733,-0.3244116,0.0288058
17.2972973,-0.3254489,0.0288301
17.3213213,-0.3264926,0.0288542
17.3453453,-0.3275427,0.0288779
17.3693694,-0.3285992,0.0289013
17.3933934,-0.3296622,0.0289244
17.4174174,-0.3307317,0.0289473
17.4414414,-0.3318078,0.0289698
17.4654655,-0.3328905,0.0289921
17.4894895,-0.3339799,0.0290141
17.5135135,-0.3350759,0.0290358
17.5375375,-0.3361787,0.0290573
17.5615616,-0.3372882,0.0290785
17.5855856,-0.3384045,0.0290995
17.6096096,-0.3395277,0.0291202
17.6336336,-0.3406578,0.0291407
17.6576577,-0.3417948,0.029161
17.6816817,-0.3429387,0.0291811
17.7057057,-0.3440896,0.029201
17.7297297,-0.3452476,0.0292207
17.7537538,-0.3464127,0.0292402
17.7777778,-0.3475849,0.0292595
17.8018018,-0.3487642,0.0292786
17.8258258,-0.3499508,0.0292976
17.8498498,-0.3511446,0.0293165
17.8738739,-0.3523457,0.0293352
17.8978979,-0.3535541,0.0293538
17.9219219,-0.3547698,0.0293723
17.9459459,-0.355993,0.0293907
17.96997,-0.3572236,0.029409
17.993994,-0.3584616,0.0294272
18.018018,-0.3597072,0.0294454
18.042042,-0.3609604,0.0294635
18.0660661,-0.3622211,0.0294816
18.0900901,-0.3634895,0.0294997
18.1141141,-0.3647656,0.0295178
18.1381381,-0.3660493,0.0295358
18.1621622,-0.3673409,0.0295539
18.1861862,-0.3686402,0.0295721
18.2102102,-0.3699474,0.0295902
18.2342342,-0.3712624,0.0296085
18.2582583,-0.3725853,0.0296268
18.2822823,-0.3739162,0.0296453
18.3063063,-0.3752551,0.0296638
18.3303303,-0.3766021,0.0296825
18.3543544,-0.3779571,0.0297014
18.3783784,-0.3793202,0.0297204
18.4024024,-0.3806915,0.0297396
18.4264264,-0.3820709,0.0297591
18.4504505,-0.3834586,0.0297787
18.4744745,-0.3848546,0.0297986
18.4984985,-0.3862589,0.0298188
18.5225225,-0.3876715,0.0298392
18.5465465,-0.3890925,0.02986
18.5705706,-0.390522,0.0298811
18.5945946,-0.3919599,0.0299025
18.6186186,-0.3934063,0.0299243
18.6426426,-0.3948613,0.0299465
18.6666667,-0.3963248,0.0299692
18.6906907,-0.397797,0.0299922
18.7147147,-0.3992779,0.0300158
18.7387387,-0.4007675,0.0300398
18.7627628,-0.4022658,0.0300643
18.7867868,-0.4037729,0.0300894
18.8108108,-0.4052888,0.030115
18.8348348,-0.4068136,0.0301412
18.8588589,-0.4083473,0.030168
18.8828829,-0.4098899,0.0301955
18.9069069,-0.4114416,0.0302236
18.9309309,-0.4130022,0.0302524
18.954955,-0.4145719,0.0302819
18.978979,-0.4161508,0.0303122
19.003003,-0.4177387,0.0303432
19.027027,-0.4193359,0.030375
19.0510511,-0.4209422,0.0304077
19.0750751,-0.4225579,0.0304412
19.0990991,-0.4241828,0.0304756
19.1231231,-0.4258171,0.0305109
19.1471471,-0.4274607,0.0305472
19.1711712,-0.4291138,0.0305844
19.1951952,-0.4307764,0.0306226
19.2192192,-0.4324484,0.0306619
19.2432432,-0.43413,0.0307022
19.2672673,-0.4358211,0.0307436
19.2912913,-0.4375219,0.0307862
19.3153153,-0.4392324,0.0308299
19.3393393,-0.4409525,0.0308748
19.3633634,-0.4426824,0.0309209
19.3873874,-0.444422,0.0309683
19.4114114,-0.4461715,0.031017
19.4354354,-0.4479308,0.031067
19.4594595,-0.4497001,0.0311183
19.4834835,-0.4514792,0.0311711
19.5075075,-0.4532684,0.0312252
19.5315315,-0.4550675,0.0312809
19.5555556,-0.4568767,0.031338
19.5795796,-0.458696,0.0313966
19.6036036,-0.4605255,0.0314568
19.6276276,-0.4623651,0.0315185
19.6516517,-0.4642149,0.0315819
19.6756757,-0.466075,0.031647
19.6996997,-0.4679454,0.0317138
19.7237237,-0.4698261,0.0317822
19.7477477,-0.4717172,0.0318525
19.7717718,-0.4736187,0.0319245
19.7957958,-0.4755306,0.0319984
19.8198198,-0.477453,0.0320742
19.8438438,-0.479386,0.0321518
19.8678679,-0.4813295,0.0322314
19.8918919,-0.4832837,0.032313
19.9159159,-0.4852485,0.0323965
19.9399399,-0.487224,0.0324821
19.963964,-0.4892102,0.0325698
19.987988,-0.4912072,0.0326596
20.012012,-0.493215,0.0327515
20.036036,-0.4952336,0.0328457
20.0600601,-0.4972632,0.032942
20.0840841,-0.4993036,0.0330406
20.1081081,-0.501355,0.0331414
20.1321321,-0.5034175,0.0332446
20.1561562,-0.505491,0.0333501
20.1801802,-0.5075755,0.033458
20.2042042,-0.5096712,0.0335683
20.2282282,-0.5117781,0.033681
20.2522523,-0.5138961,0.0337963
20.2762763,-0.5160254,0.033914
20.3003003,-0.518166,0.0340343
20.3243243,-0.520318,0.0341571
20.3483483,-0.5224812,0.0342826
20.3723724,-0.5246559,0.0344106
20.3963964,-0.5268421,0.0345414
20.4204204,-0.5290397,0.0346748
20.4444444,-0.5312488,0.034811
20.4684685,-0.5334695,0.0349499
20.4924925,-0.5357018,0.0350916
20.5165165,-0.5379457,0.0352361
20.5405405,-0.5402013,0.0353834
20.5645646,-0.5424687,0.0355337
20.5885886,-0.5447478,0.0356868
20.6126126,-0.5470387,0.0358428
20.6366366,-0.5493414,0.0360017
20.6606607,-0.551656,0.0361637
20.6846847,-0.5539826,0.0363286
20.7087087,-0.5563211,0.0364966
20.7327327,-0.5586716,0.0366676
20.7567568,-0.5610341,0.0368416
20.7807808,-0.5634087,0.0370188
20.8048048,-0.5657954,0.0371991
20.8288288,-0.5681943,0.0373825
20.8528529,-0.5706054,0.0375691
20.8768769,-0.5730287,0.0377588
20.9009009,-0.5754643,0.0379518
20.9249249,-0.5779122,0.038148
20.9489489,-0.5803725,0.0383474
20.972973,-0.5828451,0.0385501
20.996997,-0.5853302,0.0387561
21.021021,-0.5878278,0.0389654
21.045045,-0.5903378,0.039178
21.0690691,-0.5928605,0.0393939
21.0930931,-0.5953957,0.0396132
21.1171171,-0.5979436,0.0398359
21.1411411,-0.6005041,0.0400619
21.1651652,-0.6030773,0.0402914
21.1891892,-0.6056633,0.0405242
21.2132132,-0.6082621,0.0407605
21.2372372,-0.6108737,0.0410003
21.2612613,-0.6134982,0.0412435
21.2852853,-0.6161356,0.0414901
21.3093093,-0.6187859,0.0417403
21.3333333,-0.6214493,0.041994
21.3573574,-0.6241256,0.0422511
21.3813814,-0.6268151,0.0425118
21.4054054,-0.6295176,0.0427761
21.4294294,-0.6322333,0.0430439
21.4534535,-0.6349621,0.0433152
21.4774775,-0.6377042,0.0435901
21.5015015,-0.6404596,0.0438686
21.5255255,-0.6432283,0.0441506
21.5495495,-0.6460103,0.0444363
21.5735736,-0.6488057,0.0447255
21.5975976,-0.6516145,0.0450184
21.6216216,-0.6544368,0.0453149
21.6456456,-0.6572726,0.045615
21.6696697,-0.660122,0.0459187
21.6936937,-0.6629849,0.0462261
21.7177177,-0.6658615,0.0465371
21.7417417,-0.6687517,0.0468518
21.7657658,-0.6716556,0.0471701
21.7897898,-0.6745733,0.0474921
21.8138138,-0.6775047,0.0478178
21.8378378,-0.68045,0.0481472
21.8618619,-0.6834091,0.0484802
21.8858859,-0.6863821,0.0488169
21.9099099,-0.6893691,0.0491573
21.9339339,-0.6923701,0.0495014
21.957958,-0.695385,0.0498492
21.981982,-0.6984141,0.0502007
22.006006,-0.7014572,0.0505559
22.03003,-0.7045144,0.0509149
22.0540541,-0.7075859,0.0512775
22.0780781,-0.7106716,0.0516438
22.1021021,-0.7137715,0.0520139
22.1261261,-0.7168857,0.0523877
22.1501502,-0.7200143,0.0527652
22.1741742,-0.7231572,0.0531465
22.1981982,-0.7263145,0.0535314
22.2222222,-0.7294864,0.0539201
22.2462462,-0.7326727,0.0543126
22.2702703,-0.7358735,0.0547087
22.2942943,-0.7390889,0.0551087
22.3183183,-0.7423189,0.0555123
22.3423423,-0.7455636,0.0559197
22.3663664,-0.748823,0.0563308
22.3903904,-0.7520971,0.0567457
22.4144144,-0.755386,0.0571644
22.4384384,-0.7586897,0.0575867
22.4624625,-0.7620082,0.0580129
22.4864865,-0.7653417,0.0584427
22.5105105,-0.7686901,0.0588764
22.5345345,-0.7720534,0.0593137
22.5585586,-0.7754318,0.0597549
22.5825826,-0.7788252,0.0601997
22.6066066,-0.7822337,0.0606484
22.6306306,-0.7856573,0.0611008
22.6546547,-0.7890961,0.0615569
22.6786787,-0.7925501,0.0620169
22.7027027,-0.7960194,0.0624805
22.7267267,-0.7995039,0.062948
22.7507508,-0.8030038,0.0634192
22.7747748,-0.806519,0.0638941
22.7987988,-0.8100497,0.0643728
22.8228228,-0.8135958,0.0648553
22.8468468,-0.8171574,0.0653416
22.8708709,-0.8207345,0.0658316
22.8948949,-0.8243272,0.0663254
22.9189189,-0.8279355,0.0668229
22.9429429,-0.8315594,0.0673242
22.966967,-0.835199,0.0678293
22.990991,-0.8388543,0.0683381
23.015015,-0.8425254,0.0688508
23.039039,-0.8462124,0.0693671
23.0630631,-0.8499151,0.0698873
23.0870871,-0.8536337,0.0704112
23.1111111,-0.8573683,0.0709389
23.1351351,-0.8611188,0.0714704
23.1591592,-0.8648854,0.0720057
23.1831832,-0.8686679,0.0725447
23.2072072,-0.8724666,0.0730875
23.2312312,-0.8762813,0.0736341
23.2552553,-0.8801123,0.0741845
23.2792793,-0.8839594,0.0747386
23.3033033,-0.8878228,0.0752966
23.3273273,-0.8917024,0.0758583
23.3513514,-0.8955984,0.0764238
23.3753754,-0.8995107,0.0769931
23.3993994,-0.9034395,0.0775661
23.4234234,-0.9073846,0.078143
23.4474474,-0.9113463,0.0787236
23.4714715,-0.9153244,0.0793081
23.4954955,-0.9193192,0.0798963
23.5195195,-0.9233305,0.0804884
23.5435435,-0.9273584,0.0810842
23.5675676,-0.9314031,0.0816838
23.5915916,-0.9354644,0.0822872
23.6156156,-0.9395425,0.0828944
23.6396396,-0.9436374,0.0835055
23.6636637,-0.9477492,0.0841203
23.6876877,-0.9518778,0.0847389
23.7117117,-0.9560233,0.0853614
23.7357357,-0.9601858,0.0859876
23.7597598,-0.9643652,0.0866177
23.7837838,-0.9685618,0.0872516
23.8078078,-0.9727753,0.0878893
23.8318318,-0.977006,0.0885308
23.8558559,-0.9812539,0.0891761
23.8798799,-0.9855189,0.0898253
23.9039039,-0.9898012,0.0904783
23.9279279,-0.9941007,0.0911351
23.951952,-0.9984175,0.0917957
23.975976,-1.0027517,0.0924602
24,-1.0071033,0.0931285
