"Type","TimeType","Count","Quantile.0.","Quantile.5.","Quantile.10.","Quantile.15.","Quantile.20.","Quantile.25.","Quantile.30.","Quantile.35.","Quantile.40.","Quantile.45.","Quantile.50.","Quantile.55.","Quantile.60.","Quantile.65.","Quantile.70.","Quantile.75.","Quantile.80.","Quantile.85.","Quantile.90.","Quantile.95.","Quantile.100.","state","state_code","state_name"
"PSC","TPA",338,0.28,0.47,0.53,0.57,0.6,0.64,0.68,0.72,0.75,0.78,0.83,0.88,0.92,0.97,1.02,1.08,1.24,1.4,1.59,1.94,4.02,"AK","02","Alaska"
"Mothership","TPA",0,NA,NA,NA,NA,NA,NA,NA,NA,NA,NA,NA,NA,NA,NA,NA,NA,NA,NA,NA,NA,NA,"AK","02","Alaska"
"Mothership","MT(TPA)",0,NA,NA,NA,NA,NA,NA,NA,NA,NA,NA,NA,NA,NA,NA,NA,NA,NA,NA,NA,NA,NA,"AK","02","Alaska"
"Mothership","MT(No TPA)",0,NA,NA,NA,NA,NA,NA,NA,NA,NA,NA,NA,NA,NA,NA,NA,NA,NA,NA,NA,NA,NA,"AK","02","Alaska"
"Transfer","TPA",3,0.28,0.32,0.35,0.39,0.42,0.46,0.49,0.53,0.56,0.6,0.63,0.72,0.8,0.89,0.97,1.06,1.14,1.23,1.31,1.4,1.48,"AK","02","Alaska"
"Transfer","MT",64,0.35,0.6,0.69,0.81,0.88,0.9,0.96,1.14,1.22,1.24,1.43,1.58,1.82,1.95,2.05,2.23,2.42,2.76,2.92,3.59,6.52,"AK","02","Alaska"
"Transfer","Transfer",330,0.02,0.52,0.65,0.76,0.9,1.12,1.28,1.42,1.67,1.78,1.98,2.1,2.31,2.55,2.85,3.13,4.19,5.41,7.72,10.28,11.82,"AK","02","Alaska"
"PSC","TPA",1364,0.1,0.38,0.47,0.53,0.6,0.65,0.72,0.78,0.85,0.9,0.95,1,1.07,1.13,1.2,1.33,1.43,1.59,1.8,2.13,8,"AL","01","Alabama"
"Mothership","TPA",199,0.08,0.39,0.5,0.53,0.58,0.62,0.65,0.68,0.72,0.77,0.8,0.86,0.9,0.97,1.01,1.07,1.17,1.24,1.36,1.49,2.8,"AL","01","Alabama"
"Mothership","MT(TPA)",70,0.25,0.48,0.5,0.54,0.6,0.62,0.63,0.65,0.69,0.72,0.77,0.82,0.84,0.9,0.92,1.03,1.09,1.17,1.41,2.31,8.57,"AL","01","Alabama"
"Mothership","MT(No TPA)",279,0.1,0.83,0.93,1.02,1.08,1.14,1.18,1.25,1.32,1.39,1.45,1.5,1.58,1.63,1.68,1.8,1.91,2.1,2.37,3.03,10.4,"AL","01","Alabama"
"Transfer","TPA",13,0.18,0.2,0.23,0.28,0.31,0.32,0.33,0.38,0.51,0.6,0.68,0.79,0.87,0.87,0.89,0.92,0.93,0.94,0.95,1.08,1.28,"AL","01","Alabama"
"Transfer","MT",133,0.23,0.46,0.62,0.7,0.73,0.8,0.86,0.9,0.95,0.99,1.08,1.17,1.24,1.33,1.49,1.65,1.96,2.2,2.61,3.7,11.08,"AL","01","Alabama"
"Transfer","Transfer",1157,0.02,0.32,0.42,0.53,0.65,0.73,0.85,0.95,1.03,1.15,1.27,1.42,1.58,1.78,2.03,2.43,3.28,5.22,8.55,10.71,11.98,"AL","01","Alabama"
"PSC","TPA",1105,0.13,0.5,0.6,0.67,0.72,0.77,0.82,0.87,0.92,0.95,0.98,1.03,1.12,1.17,1.23,1.32,1.45,1.62,1.85,2.25,4.98,"AR","05","Arkansas"
"Mothership","TPA",638,0.02,0.32,0.38,0.43,0.48,0.52,0.57,0.62,0.65,0.7,0.75,0.8,0.85,0.92,0.98,1.08,1.16,1.3,1.47,1.82,3.43,"AR","05","Arkansas"
"Mothership","MT(TPA)",134,0.07,0.25,0.4,0.45,0.48,0.52,0.58,0.64,0.68,0.8,0.9,0.93,1,1.06,1.14,1.25,1.3,1.59,2.13,2.55,10.38,"AR","05","Arkansas"
"Mothership","MT(No TPA)",423,0.1,0.77,0.83,0.95,1.03,1.1,1.18,1.3,1.4,1.52,1.6,1.74,1.85,1.98,2.18,2.38,2.6,2.86,3.23,4.16,11.82,"AR","05","Arkansas"
"Transfer","TPA",9,0.05,0.12,0.18,0.24,0.3,0.35,0.39,0.43,0.46,0.47,0.48,0.51,0.54,0.57,0.62,0.67,0.68,0.69,0.74,0.83,0.92,"AR","05","Arkansas"
"Transfer","MT",304,0.1,0.25,0.28,0.3,0.35,0.37,0.4,0.43,0.49,0.56,0.62,0.67,0.73,0.83,0.98,1.13,1.31,1.66,2.05,2.88,9.73,"AR","05","Arkansas"
"Transfer","Transfer",1997,0.02,0.25,0.37,0.43,0.5,0.57,0.63,0.72,0.83,0.93,1.03,1.15,1.32,1.5,1.75,2.05,2.4,2.93,4.37,8.19,11.95,"AR","05","Arkansas"
"PSC","TPA",1157,0.1,0.42,0.48,0.53,0.58,0.63,0.67,0.7,0.76,0.8,0.85,0.9,0.95,1,1.07,1.13,1.23,1.4,1.62,2.1,5.92,"AZ","04","Arizona"
"Mothership","TPA",693,0.15,0.31,0.38,0.43,0.48,0.52,0.57,0.62,0.65,0.7,0.75,0.82,0.85,0.93,1.02,1.1,1.23,1.37,1.7,2.1,8.68,"AZ","04","Arizona"
"Mothership","MT(TPA)",164,0.02,0.19,0.32,0.44,0.5,0.58,0.7,0.73,0.8,0.89,0.99,1.05,1.13,1.22,1.3,1.4,1.52,1.68,1.96,2.99,6.02,"AZ","04","Arizona"
"Mothership","MT(No TPA)",565,0.05,0.15,0.2,0.27,0.33,0.4,0.47,0.57,0.68,0.8,0.93,1.08,1.28,1.42,1.55,1.75,1.93,2.23,2.7,3.63,10.67,"AZ","04","Arizona"
"Transfer","TPA",27,0.23,0.3,0.31,0.33,0.43,0.46,0.5,0.55,0.56,0.64,0.68,0.73,0.85,0.97,1.01,1.12,1.16,1.35,1.57,1.8,2.8,"AZ","04","Arizona"
"Transfer","MT",682,0.02,0.13,0.18,0.2,0.25,0.3,0.35,0.42,0.48,0.57,0.63,0.72,0.79,0.9,1.03,1.17,1.32,1.57,2.05,2.75,10.5,"AZ","04","Arizona"
"Transfer","Transfer",3708,0.02,0.15,0.27,0.35,0.42,0.48,0.55,0.62,0.7,0.78,0.9,1.03,1.22,1.43,1.72,2.08,2.57,3.32,5.19,9.06,11.98,"AZ","04","Arizona"
"PSC","TPA",15891,0.02,0.38,0.45,0.5,0.55,0.6,0.65,0.7,0.75,0.8,0.83,0.9,0.95,1,1.1,1.2,1.32,1.48,1.72,2.17,11.75,"CA","06","California"
"Mothership","TPA",8298,0.03,0.32,0.37,0.4,0.45,0.48,0.53,0.57,0.6,0.65,0.7,0.73,0.78,0.83,0.9,0.97,1.07,1.2,1.4,1.8,11.48,"CA","06","California"
"Mothership","MT(TPA)",1869,0.02,0.3,0.45,0.53,0.62,0.68,0.77,0.82,0.88,0.95,1.02,1.1,1.18,1.25,1.33,1.43,1.55,1.7,1.9,2.38,11.68,"CA","06","California"
"Mothership","MT(No TPA)",3751,0.03,0.33,0.48,0.65,0.82,0.95,1.07,1.18,1.28,1.38,1.5,1.62,1.73,1.85,1.97,2.12,2.3,2.57,3.02,3.98,11.62,"CA","06","California"
"Transfer","TPA",112,0.05,0.19,0.24,0.35,0.42,0.47,0.48,0.55,0.57,0.62,0.66,0.72,0.76,0.82,0.9,0.97,1.1,1.21,1.74,2.13,6.83,"CA","06","California"
"Transfer","MT",2004,0.02,0.27,0.35,0.43,0.5,0.55,0.62,0.67,0.73,0.8,0.87,0.95,1.05,1.15,1.28,1.4,1.62,1.87,2.23,3.21,11.52,"CA","06","California"
"Transfer","Transfer",13420,0.02,0.23,0.33,0.4,0.47,0.53,0.6,0.68,0.75,0.83,0.92,1.02,1.17,1.32,1.53,1.87,2.43,3.58,5.87,9.43,11.98,"CA","06","California"
"PSC","TPA",2334,0.02,0.33,0.4,0.45,0.48,0.53,0.57,0.62,0.65,0.68,0.73,0.78,0.83,0.88,0.95,1.02,1.12,1.23,1.42,1.82,7.12,"CO","08","Colorado"
"Mothership","TPA",851,0.03,0.22,0.25,0.3,0.35,0.38,0.43,0.47,0.52,0.57,0.62,0.67,0.72,0.77,0.83,0.9,1.03,1.16,1.37,1.75,5.83,"CO","08","Colorado"
"Mothership","MT(TPA)",181,0.1,0.37,0.4,0.43,0.52,0.57,0.63,0.7,0.75,0.78,0.85,0.9,0.97,1.07,1.22,1.28,1.52,1.65,1.95,2.28,6.03,"CO","08","Colorado"
"Mothership","MT(No TPA)",470,0.02,0.28,0.37,0.45,0.53,0.58,0.63,0.68,0.73,0.78,0.88,1,1.1,1.25,1.42,1.56,1.75,1.96,2.42,3.2,10.52,"CO","08","Colorado"
"Transfer","TPA",20,0.22,0.28,0.36,0.39,0.47,0.48,0.51,0.55,0.62,0.66,0.68,0.7,0.72,0.77,0.84,0.86,0.98,1.31,1.43,1.65,1.65,"CO","08","Colorado"
"Transfer","MT",171,0.02,0.21,0.3,0.38,0.45,0.52,0.57,0.64,0.68,0.76,0.83,0.89,0.97,1.08,1.2,1.26,1.42,1.53,1.72,2.13,11.57,"CO","08","Colorado"
"Transfer","Transfer",2039,0.02,0.23,0.33,0.38,0.42,0.47,0.5,0.55,0.6,0.63,0.7,0.78,0.85,0.98,1.08,1.27,1.57,1.97,2.52,4.06,11.82,"CO","08","Colorado"
"PSC","TPA",1361,0.08,0.48,0.58,0.65,0.68,0.73,0.78,0.83,0.87,0.92,0.97,1.03,1.12,1.17,1.25,1.37,1.5,1.68,1.9,2.28,10.73,"CT","09","Connecticut"
"Mothership","TPA",642,0.02,0.47,0.58,0.62,0.65,0.72,0.75,0.8,0.83,0.88,0.94,1,1.07,1.13,1.2,1.32,1.42,1.6,1.78,2.45,5.92,"CT","09","Connecticut"
"Mothership","MT(TPA)",166,0.17,0.56,0.75,0.88,0.98,1.07,1.11,1.17,1.23,1.28,1.34,1.4,1.45,1.58,1.7,1.8,1.88,2.07,2.18,2.98,5.43,"CT","09","Connecticut"
"Mothership","MT(No TPA)",471,0.55,0.99,1.18,1.38,1.53,1.67,1.77,1.85,1.98,2.13,2.23,2.37,2.52,2.68,2.8,2.99,3.32,3.66,4.32,5.1,10.23,"CT","09","Connecticut"
"Transfer","TPA",39,0.18,0.38,0.43,0.56,0.59,0.64,0.73,0.79,0.88,0.93,0.93,0.93,1.03,1.08,1.16,1.22,1.33,1.67,1.78,2.04,2.72,"CT","09","Connecticut"
"Transfer","MT",503,0.03,0.58,0.7,0.78,0.88,0.96,1.03,1.15,1.22,1.32,1.43,1.57,1.7,1.85,2.05,2.22,2.48,2.73,3.31,4.16,11.57,"CT","09","Connecticut"
"Transfer","Transfer",1334,0.02,0.15,0.28,0.4,0.5,0.62,0.75,0.9,1.09,1.32,1.88,2.65,3.55,4.87,6.79,8.1,9.11,10,10.8,11.51,11.97,"CT","09","Connecticut"
"PSC","TPA",100,0.05,0.53,0.62,0.68,0.71,0.8,0.88,0.92,0.97,0.99,1.02,1.09,1.18,1.22,1.32,1.55,1.62,1.8,2.04,3.09,4.08,"DC","11","District of Columbia"
"Mothership","TPA",702,0.18,0.4,0.48,0.55,0.62,0.68,0.72,0.78,0.83,0.9,0.97,1.03,1.08,1.17,1.23,1.31,1.4,1.57,1.8,2.18,7.12,"DC","11","District of Columbia"
"Mothership","MT(TPA)",137,0.08,0.15,0.19,0.28,0.38,0.53,0.57,0.78,0.94,1.02,1.08,1.18,1.29,1.42,1.55,1.63,1.76,1.87,2,2.17,4.58,"DC","11","District of Columbia"
"Mothership","MT(No TPA)",329,0.02,0.3,0.38,0.47,0.52,0.58,0.68,0.83,0.97,1.06,1.3,1.44,1.56,1.72,1.97,2.15,2.34,2.55,2.96,3.74,11.37,"DC","11","District of Columbia"
"Transfer","TPA",3,0.52,0.55,0.59,0.62,0.66,0.69,0.73,0.76,0.8,0.83,0.87,0.87,0.87,0.87,0.87,0.88,0.88,0.88,0.88,0.88,0.88,"DC","11","District of Columbia"
"Transfer","MT",130,0.05,0.3,0.5,0.59,0.63,0.68,0.73,0.77,0.92,0.98,1.11,1.17,1.37,1.43,1.51,1.81,2.03,2.31,2.59,2.79,4.05,"DC","11","District of Columbia"
"Transfer","Transfer",914,0.02,0.18,0.25,0.32,0.37,0.43,0.48,0.53,0.62,0.68,0.75,0.82,0.92,1.02,1.1,1.25,1.5,2,3.72,7.37,11.8,"DC","11","District of Columbia"
"PSC","TPA",649,0.03,0.4,0.47,0.55,0.62,0.68,0.75,0.8,0.87,0.92,0.97,1.02,1.1,1.17,1.23,1.33,1.48,1.63,1.88,2.48,4.28,"DE","10","Delaware"
"Mothership","TPA",918,0.07,0.23,0.28,0.32,0.35,0.37,0.4,0.42,0.47,0.48,0.53,0.58,0.63,0.68,0.76,0.83,0.9,1.05,1.24,1.57,6.67,"DE","10","Delaware"
"Mothership","MT(TPA)",178,0.17,0.43,0.56,0.6,0.7,0.73,0.78,0.83,0.85,0.89,0.94,0.97,1.02,1.05,1.1,1.16,1.22,1.29,1.49,1.93,9.08,"DE","10","Delaware"
"Mothership","MT(No TPA)",313,0.18,0.7,0.89,0.97,1.03,1.12,1.18,1.24,1.28,1.35,1.43,1.5,1.58,1.63,1.74,1.82,1.93,2.08,2.56,3.37,11.72,"DE","10","Delaware"
"Transfer","TPA",6,0.15,0.18,0.21,0.24,0.27,0.27,0.27,0.28,0.28,0.31,0.34,0.37,0.4,0.4,0.41,0.41,0.42,0.52,0.62,0.73,0.83,"DE","10","Delaware"
"Transfer","MT",138,0.05,0.26,0.31,0.43,0.52,0.57,0.67,0.75,0.78,0.87,0.91,0.98,1.02,1.07,1.2,1.37,1.49,1.57,1.83,1.95,3.52,"DE","10","Delaware"
"Transfer","Transfer",938,0.13,0.28,0.33,0.37,0.42,0.47,0.5,0.55,0.58,0.65,0.72,0.8,0.85,0.95,1.05,1.23,1.52,1.85,2.54,5.81,11.92,"DE","10","Delaware"
"PSC","TPA",5016,0.02,0.33,0.42,0.45,0.5,0.53,0.58,0.63,0.68,0.72,0.78,0.83,0.9,0.97,1.03,1.13,1.27,1.42,1.67,2.15,10.03,"FL","12","Florida"
"Mothership","TPA",4452,0.02,0.25,0.3,0.33,0.37,0.42,0.45,0.48,0.52,0.55,0.58,0.63,0.68,0.73,0.8,0.87,0.97,1.1,1.28,1.62,10.93,"FL","12","Florida"
"Mothership","MT(TPA)",1192,0.02,0.15,0.24,0.35,0.42,0.5,0.58,0.65,0.7,0.75,0.8,0.87,0.93,1,1.08,1.15,1.26,1.4,1.58,1.92,4.83,"FL","12","Florida"
"Mothership","MT(No TPA)",2013,0.05,0.43,0.57,0.65,0.77,0.85,0.97,1.07,1.15,1.23,1.32,1.38,1.47,1.58,1.68,1.83,1.98,2.22,2.65,3.62,11.72,"FL","12","Florida"
"Transfer","TPA",129,0.02,0.2,0.36,0.4,0.47,0.53,0.62,0.66,0.7,0.78,0.85,0.88,0.9,0.99,1.07,1.13,1.29,1.53,1.94,2.41,3.75,"FL","12","Florida"
"Transfer","MT",1191,0.02,0.22,0.3,0.37,0.45,0.53,0.6,0.68,0.77,0.83,0.93,1.03,1.13,1.27,1.38,1.58,1.78,2.1,2.58,3.41,10.63,"FL","12","Florida"
"Transfer","Transfer",10231,0.02,0.18,0.25,0.33,0.38,0.45,0.52,0.58,0.65,0.72,0.8,0.88,0.98,1.1,1.27,1.48,1.82,2.38,3.75,7.3,11.98,"FL","12","Florida"
"PSC","TPA",3669,0.08,0.33,0.4,0.47,0.52,0.58,0.63,0.67,0.72,0.77,0.82,0.88,0.93,1,1.08,1.18,1.31,1.45,1.67,2.08,6.68,"GA","13","Georgia"
"Mothership","TPA",1919,0.07,0.27,0.35,0.38,0.42,0.47,0.5,0.53,0.58,0.62,0.65,0.7,0.75,0.82,0.88,0.97,1.08,1.22,1.43,1.8,11.92,"GA","13","Georgia"
"Mothership","MT(TPA)",576,0.02,0.37,0.45,0.53,0.58,0.66,0.72,0.75,0.8,0.85,0.92,0.97,1.05,1.13,1.22,1.3,1.42,1.53,1.73,2.38,10.93,"GA","13","Georgia"
"Mothership","MT(No TPA)",1514,0.1,0.4,0.52,0.67,0.82,0.92,1.02,1.08,1.18,1.27,1.35,1.43,1.52,1.6,1.7,1.82,2.02,2.23,2.55,3.31,11.97,"GA","13","Georgia"
"Transfer","TPA",30,0.17,0.21,0.23,0.27,0.34,0.39,0.44,0.47,0.48,0.5,0.57,0.73,0.76,0.78,0.84,0.87,0.87,0.88,1.02,1.39,2.17,"GA","13","Georgia"
"Transfer","MT",1250,0.02,0.22,0.3,0.37,0.42,0.47,0.53,0.58,0.67,0.75,0.85,0.95,1.05,1.15,1.28,1.41,1.57,1.82,2.13,2.88,11.42,"GA","13","Georgia"
"Transfer","Transfer",8320,0.02,0.28,0.42,0.52,0.58,0.66,0.73,0.8,0.88,0.98,1.08,1.18,1.33,1.48,1.7,2,2.45,3.63,5.75,9.23,11.97,"GA","13","Georgia"
"PSC","TPA",19,0.57,0.69,0.71,0.79,0.84,0.87,0.9,0.93,0.99,1.11,1.17,1.21,1.22,1.4,1.49,1.51,1.52,1.66,1.97,2.01,2.27,"GU","66","Guam"
"Mothership","TPA",0,NA,NA,NA,NA,NA,NA,NA,NA,NA,NA,NA,NA,NA,NA,NA,NA,NA,NA,NA,NA,NA,"GU","66","Guam"
"Mothership","MT(TPA)",0,NA,NA,NA,NA,NA,NA,NA,NA,NA,NA,NA,NA,NA,NA,NA,NA,NA,NA,NA,NA,NA,"GU","66","Guam"
"Mothership","MT(No TPA)",0,NA,NA,NA,NA,NA,NA,NA,NA,NA,NA,NA,NA,NA,NA,NA,NA,NA,NA,NA,NA,NA,"GU","66","Guam"
"Transfer","TPA",1,1.35,1.35,1.35,1.35,1.35,1.35,1.35,1.35,1.35,1.35,1.35,1.35,1.35,1.35,1.35,1.35,1.35,1.35,1.35,1.35,1.35,"GU","66","Guam"
"Transfer","MT",0,NA,NA,NA,NA,NA,NA,NA,NA,NA,NA,NA,NA,NA,NA,NA,NA,NA,NA,NA,NA,NA,"GU","66","Guam"
"Transfer","Transfer",1,0.02,0.02,0.02,0.02,0.02,0.02,0.02,0.02,0.02,0.02,0.02,0.02,0.02,0.02,0.02,0.02,0.02,0.02,0.02,0.02,0.02,"GU","66","Guam"
"PSC","TPA",731,0.02,0.38,0.43,0.48,0.53,0.58,0.62,0.67,0.72,0.75,0.78,0.82,0.87,0.91,0.97,1.03,1.13,1.31,1.57,1.88,10.05,"HI","15","Hawaii"
"Mothership","TPA",624,0.1,0.18,0.2,0.22,0.23,0.25,0.27,0.28,0.3,0.32,0.33,0.37,0.4,0.45,0.5,0.55,0.65,0.73,0.88,1.26,9.42,"HI","15","Hawaii"
"Mothership","MT(TPA)",198,0.07,0.36,0.43,0.5,0.53,0.59,0.67,0.73,0.82,0.85,0.92,0.96,1,1.05,1.12,1.2,1.27,1.35,1.44,1.69,9.23,"HI","15","Hawaii"
"Mothership","MT(No TPA)",142,0.17,0.69,0.81,0.9,1.03,1.08,1.15,1.22,1.28,1.39,1.46,1.54,1.58,1.68,1.82,1.93,2.08,2.31,3.25,5.11,10.48,"HI","15","Hawaii"
"Transfer","TPA",5,0.47,0.48,0.5,0.52,0.53,0.55,0.57,0.6,0.62,0.64,0.67,0.7,0.74,0.78,0.81,0.85,1,1.15,1.3,1.45,1.6,"HI","15","Hawaii"
"Transfer","MT",221,0.03,0.2,0.23,0.3,0.33,0.37,0.4,0.45,0.48,0.53,0.6,0.68,0.73,0.82,0.92,1.15,1.25,1.4,1.63,1.98,10.3,"HI","15","Hawaii"
"Transfer","Transfer",1452,0.02,0.18,0.27,0.33,0.38,0.45,0.48,0.53,0.58,0.63,0.7,0.77,0.88,1.05,1.28,1.45,1.67,1.9,2.2,3.11,11.62,"HI","15","Hawaii"
"PSC","TPA",1454,0.07,0.45,0.55,0.62,0.68,0.73,0.77,0.82,0.85,0.9,0.95,0.98,1.03,1.1,1.19,1.27,1.4,1.53,1.75,2.08,5.5,"IA","19","Iowa"
"Mothership","TPA",189,0.22,0.41,0.5,0.57,0.58,0.6,0.68,0.71,0.74,0.79,0.85,0.9,0.93,1.02,1.11,1.18,1.3,1.48,1.76,2.52,7.42,"IA","19","Iowa"
"Mothership","MT(TPA)",36,0.23,0.26,0.32,0.38,0.42,0.46,0.57,0.6,0.65,0.7,0.73,0.78,0.82,0.96,1.09,1.14,1.17,1.25,1.68,2.93,6.38,"IA","19","Iowa"
"Mothership","MT(No TPA)",198,0.13,0.27,0.46,0.58,0.67,0.77,0.85,1,1.06,1.13,1.18,1.26,1.32,1.43,1.53,1.68,1.81,1.99,2.32,5.2,9.25,"IA","19","Iowa"
"Transfer","TPA",21,0.18,0.27,0.4,0.47,0.57,0.6,0.62,0.63,0.75,0.75,0.78,0.8,0.83,1.02,1.07,1.2,1.25,1.25,1.67,1.72,1.87,"IA","19","Iowa"
"Transfer","MT",284,0.1,0.33,0.42,0.47,0.5,0.55,0.63,0.73,0.78,0.87,0.93,1.03,1.13,1.2,1.33,1.4,1.53,1.68,1.92,2.3,5.27,"IA","19","Iowa"
"Transfer","Transfer",2364,0.02,0.27,0.48,0.57,0.62,0.67,0.72,0.77,0.83,0.9,0.97,1.02,1.08,1.18,1.32,1.45,1.62,1.88,2.4,6.34,11.98,"IA","19","Iowa"
"PSC","TPA",210,0.03,0.29,0.36,0.4,0.43,0.45,0.48,0.52,0.53,0.57,0.58,0.62,0.65,0.68,0.7,0.77,0.82,0.92,1.07,1.57,4.43,"ID","16","Idaho"
"Mothership","TPA",232,0.2,0.38,0.42,0.43,0.48,0.53,0.57,0.58,0.63,0.68,0.72,0.75,0.78,0.82,0.86,0.95,1.02,1.11,1.25,1.56,2.78,"ID","16","Idaho"
"Mothership","MT(TPA)",100,0.08,0.17,0.33,0.45,0.58,0.65,0.7,0.74,0.84,0.93,0.97,1.04,1.15,1.21,1.26,1.32,1.47,1.66,2.07,2.23,3.47,"ID","16","Idaho"
"Mothership","MT(No TPA)",219,0.07,0.35,0.52,0.65,0.74,0.87,0.97,1.05,1.12,1.22,1.3,1.45,1.55,1.69,1.85,1.93,2.05,2.2,2.48,3.22,9.02,"ID","16","Idaho"
"Transfer","TPA",4,0.28,0.32,0.35,0.39,0.42,0.46,0.49,0.54,0.62,0.7,0.77,0.85,0.93,1.01,1.07,1.12,1.17,1.22,1.27,1.32,1.37,"ID","16","Idaho"
"Transfer","MT",39,0.18,0.41,0.45,0.5,0.53,0.56,0.62,0.76,0.8,0.82,0.88,0.94,0.98,1.02,1.14,1.26,1.33,1.4,1.52,1.77,2.6,"ID","16","Idaho"
"Transfer","Transfer",361,0.1,0.25,0.42,0.5,0.63,0.7,0.77,0.85,0.97,1.05,1.12,1.23,1.33,1.48,1.7,1.9,2.18,2.95,4.77,10.2,11.92,"ID","16","Idaho"
"PSC","TPA",2892,0.03,0.47,0.55,0.62,0.67,0.73,0.77,0.82,0.87,0.92,0.97,1.02,1.08,1.15,1.25,1.35,1.47,1.63,1.87,2.32,6.62,"IL","17","Illinois"
"Mothership","TPA",2290,0.02,0.32,0.41,0.47,0.52,0.57,0.62,0.65,0.7,0.73,0.77,0.82,0.87,0.93,1,1.1,1.2,1.37,1.62,2.17,10.35,"IL","17","Illinois"
"Mothership","MT(TPA)",350,0.02,0.29,0.53,0.64,0.73,0.83,0.92,0.97,1.05,1.1,1.13,1.23,1.33,1.43,1.57,1.77,1.93,2.11,2.4,2.89,8.53,"IL","17","Illinois"
"Mothership","MT(No TPA)",1044,0.02,0.4,0.53,0.62,0.73,0.93,1.12,1.27,1.4,1.54,1.67,1.78,1.9,2.05,2.2,2.37,2.57,2.93,3.54,4.48,11.98,"IL","17","Illinois"
"Transfer","TPA",26,0.18,0.39,0.45,0.55,0.57,0.6,0.62,0.64,0.7,0.72,0.76,0.77,0.77,0.99,1.03,1.14,1.18,1.46,1.64,1.7,3.72,"IL","17","Illinois"
"Transfer","MT",923,0.02,0.08,0.17,0.25,0.33,0.43,0.52,0.58,0.67,0.75,0.83,0.93,1.03,1.18,1.31,1.48,1.73,2.21,2.86,4.71,11.73,"IL","17","Illinois"
"Transfer","Transfer",4746,0.02,0.23,0.33,0.42,0.47,0.53,0.58,0.63,0.7,0.77,0.83,0.92,1.02,1.13,1.28,1.46,1.72,2.17,3.43,8.33,11.98,"IL","17","Illinois"
"PSC","TPA",1731,0.1,0.43,0.53,0.6,0.65,0.7,0.75,0.8,0.83,0.9,0.93,0.98,1.03,1.12,1.2,1.28,1.38,1.53,1.75,2.1,8.6,"IN","18","Indiana"
"Mothership","TPA",724,0.15,0.33,0.39,0.45,0.5,0.55,0.6,0.63,0.68,0.73,0.78,0.82,0.87,0.92,0.98,1.05,1.13,1.33,1.5,1.72,9.17,"IN","18","Indiana"
"Mothership","MT(TPA)",191,0.07,0.25,0.35,0.47,0.58,0.69,0.78,0.83,0.9,0.97,1.05,1.15,1.22,1.32,1.35,1.44,1.5,1.73,2.05,2.36,10.57,"IN","18","Indiana"
"Mothership","MT(No TPA)",415,0.22,0.53,0.62,0.77,0.88,1,1.15,1.28,1.42,1.5,1.63,1.73,1.82,1.95,2.06,2.27,2.42,2.73,3.22,5.05,11.08,"IN","18","Indiana"
"Transfer","TPA",20,0.15,0.18,0.27,0.38,0.45,0.48,0.51,0.61,0.69,0.71,0.75,0.78,0.8,0.84,0.86,0.9,0.91,0.94,1.02,1.43,1.93,"IN","18","Indiana"
"Transfer","MT",1136,0.02,0.18,0.28,0.35,0.4,0.45,0.52,0.57,0.63,0.68,0.77,0.87,0.97,1.1,1.25,1.45,1.7,1.95,2.32,2.86,9.55,"IN","18","Indiana"
"Transfer","Transfer",7075,0.02,0.27,0.38,0.47,0.55,0.62,0.68,0.73,0.78,0.85,0.93,1.02,1.13,1.23,1.38,1.55,1.75,2.13,2.72,4.6,11.98,"IN","18","Indiana"
"PSC","TPA",1436,0.02,0.45,0.5,0.55,0.6,0.63,0.68,0.72,0.75,0.8,0.83,0.9,0.95,1,1.07,1.17,1.27,1.43,1.69,2.14,5.93,"KS","20","Kansas"
"Mothership","TPA",567,0.1,0.27,0.32,0.35,0.38,0.42,0.45,0.48,0.52,0.53,0.57,0.6,0.63,0.68,0.73,0.78,0.85,0.92,1.07,1.48,3.65,"KS","20","Kansas"
"Mothership","MT(TPA)",143,0.17,0.43,0.53,0.6,0.64,0.69,0.74,0.78,0.83,0.85,0.92,0.95,1,1.02,1.08,1.12,1.22,1.37,1.52,1.81,9.78,"KS","20","Kansas"
"Mothership","MT(No TPA)",313,0.08,0.85,0.97,1.05,1.12,1.2,1.27,1.32,1.38,1.43,1.48,1.54,1.63,1.7,1.81,1.92,2.03,2.24,2.67,3.37,10.68,"KS","20","Kansas"
"Transfer","TPA",21,0.02,0.02,0.1,0.1,0.12,0.25,0.28,0.3,0.38,0.4,0.63,0.65,0.72,0.8,0.9,0.95,1.02,1.03,1.25,4,6.8,"KS","20","Kansas"
"Transfer","MT",563,0.15,0.47,0.53,0.58,0.63,0.67,0.72,0.77,0.8,0.85,0.9,0.97,1.02,1.1,1.17,1.3,1.43,1.6,1.85,2.35,11.1,"KS","20","Kansas"
"Transfer","Transfer",2464,0.02,0.28,0.38,0.48,0.57,0.67,0.77,0.87,1,1.13,1.3,1.47,1.63,1.83,2.17,2.6,3.52,5.16,8.87,10.91,11.98,"KS","20","Kansas"
"PSC","TPA",2169,0.07,0.4,0.48,0.53,0.58,0.63,0.68,0.72,0.77,0.82,0.88,0.93,0.98,1.05,1.12,1.23,1.33,1.5,1.75,2.28,11.52,"KY","21","Kentucky"
"Mothership","TPA",1021,0.07,0.3,0.35,0.4,0.43,0.47,0.5,0.53,0.57,0.6,0.63,0.68,0.72,0.78,0.85,0.92,0.98,1.08,1.2,1.53,3.27,"KY","21","Kentucky"
"Mothership","MT(TPA)",277,0.02,0.23,0.38,0.49,0.57,0.65,0.68,0.72,0.75,0.8,0.87,0.92,1,1.06,1.12,1.17,1.31,1.43,1.68,2.28,4.62,"KY","21","Kentucky"
"Mothership","MT(No TPA)",630,0.05,0.72,0.98,1.07,1.18,1.28,1.33,1.42,1.47,1.52,1.58,1.65,1.72,1.77,1.84,1.97,2.12,2.38,2.59,2.96,5.63,"KY","21","Kentucky"
"Transfer","TPA",11,0.15,0.21,0.27,0.3,0.33,0.34,0.35,0.37,0.38,0.47,0.55,0.61,0.67,0.77,0.87,0.89,0.92,1.11,1.3,1.55,1.8,"KY","21","Kentucky"
"Transfer","MT",432,0.02,0.18,0.23,0.28,0.33,0.4,0.43,0.5,0.53,0.58,0.67,0.75,0.87,1,1.13,1.31,1.58,1.8,2.37,3.15,11.22,"KY","21","Kentucky"
"Transfer","Transfer",3661,0.02,0.23,0.37,0.47,0.55,0.63,0.73,0.82,0.9,0.98,1.08,1.2,1.35,1.55,1.73,1.95,2.28,2.9,3.97,7.88,11.97,"KY","21","Kentucky"
"PSC","TPA",2522,0.1,0.38,0.47,0.52,0.55,0.6,0.63,0.67,0.72,0.75,0.8,0.83,0.88,0.95,1.02,1.1,1.22,1.4,1.6,2.02,7.32,"LA","22","Louisiana"
"Mothership","TPA",1136,0.07,0.35,0.43,0.5,0.53,0.58,0.62,0.67,0.7,0.73,0.78,0.82,0.87,0.93,1,1.08,1.18,1.32,1.49,1.85,8.2,"LA","22","Louisiana"
"Mothership","MT(TPA)",265,0.05,0.24,0.35,0.43,0.53,0.6,0.67,0.76,0.85,0.96,1.02,1.1,1.13,1.22,1.28,1.35,1.42,1.67,1.85,2.21,11.4,"LA","22","Louisiana"
"Mothership","MT(No TPA)",992,0.02,0.36,0.47,0.54,0.62,0.7,0.78,0.88,0.98,1.1,1.19,1.3,1.42,1.53,1.67,1.83,2.08,2.3,2.67,3.42,11.65,"LA","22","Louisiana"
"Transfer","TPA",4,0.52,0.58,0.65,0.71,0.78,0.84,0.91,0.96,0.99,1.03,1.06,1.09,1.12,1.16,1.17,1.17,1.17,1.17,1.17,1.17,1.17,"LA","22","Louisiana"
"Transfer","MT",94,0.23,0.38,0.48,0.62,0.77,0.85,0.93,1,1.13,1.27,1.41,1.54,1.66,1.82,1.88,2.17,2.27,2.64,3.18,3.69,5.83,"LA","22","Louisiana"
"Transfer","Transfer",1122,0.03,0.32,0.45,0.57,0.67,0.77,0.88,0.97,1.1,1.25,1.38,1.55,1.71,1.96,2.2,2.68,3.23,4.63,7.35,10.25,11.98,"LA","22","Louisiana"
"PSC","TPA",205,0.03,0.49,0.57,0.64,0.74,0.83,0.9,0.93,0.98,1.02,1.07,1.12,1.17,1.24,1.3,1.4,1.5,1.6,1.84,2.13,3.95,"MA","25","Massachusetts"
"Mothership","TPA",1152,0.15,0.38,0.45,0.5,0.55,0.58,0.63,0.68,0.73,0.77,0.82,0.87,0.93,1,1.12,1.2,1.3,1.5,1.8,2.18,9.93,"MA","25","Massachusetts"
"Mothership","MT(TPA)",311,0.02,0.26,0.38,0.47,0.53,0.61,0.68,0.72,0.82,0.9,0.95,1.01,1.08,1.19,1.3,1.43,1.63,1.73,1.98,2.4,11.72,"MA","25","Massachusetts"
"Mothership","MT(No TPA)",810,0.03,0.18,0.33,0.45,0.61,0.74,0.87,0.98,1.13,1.23,1.38,1.52,1.67,1.8,2.02,2.18,2.38,2.78,3.33,5.19,11.7,"MA","25","Massachusetts"
"Transfer","TPA",34,0.4,0.43,0.59,0.78,0.79,0.84,0.91,0.96,1.06,1.08,1.11,1.14,1.15,1.21,1.22,1.25,1.35,1.4,1.75,2.1,5.35,"MA","25","Massachusetts"
"Transfer","MT",948,0.02,0.17,0.25,0.33,0.42,0.48,0.58,0.67,0.75,0.83,0.92,1,1.1,1.22,1.33,1.45,1.66,1.88,2.22,2.96,11.92,"MA","25","Massachusetts"
"Transfer","Transfer",4613,0.02,0.15,0.25,0.32,0.37,0.42,0.45,0.5,0.53,0.58,0.63,0.7,0.77,0.88,1,1.2,1.45,2,3.32,7.84,11.98,"MA","25","Massachusetts"
"PSC","TPA",1785,0.13,0.45,0.55,0.62,0.67,0.72,0.75,0.78,0.83,0.88,0.93,0.97,1.02,1.1,1.17,1.27,1.39,1.57,1.86,2.4,5.5,"MD","24","Maryland"
"Mothership","TPA",737,0.03,0.48,0.55,0.6,0.65,0.7,0.73,0.78,0.82,0.85,0.92,0.97,1.03,1.1,1.18,1.28,1.38,1.55,1.76,2.09,11.93,"MD","24","Maryland"
"Mothership","MT(TPA)",226,0.33,0.73,0.9,0.96,1.03,1.12,1.22,1.28,1.35,1.4,1.47,1.53,1.68,1.77,1.86,1.95,2.1,2.23,2.52,3.03,4.97,"MD","24","Maryland"
"Mothership","MT(No TPA)",386,0.18,0.7,0.95,1.43,1.62,1.75,1.92,2.07,2.18,2.29,2.43,2.55,2.67,2.83,3.02,3.16,3.47,3.76,4.3,5.27,11.5,"MD","24","Maryland"
"Transfer","TPA",4,0.57,0.6,0.64,0.67,0.71,0.74,0.78,0.81,0.83,0.85,0.87,0.9,0.92,0.94,0.99,1.06,1.12,1.19,1.25,1.32,1.38,"MD","24","Maryland"
"Transfer","MT",728,0.1,0.45,0.5,0.55,0.6,0.63,0.68,0.73,0.78,0.84,0.9,0.95,1.02,1.08,1.17,1.27,1.36,1.52,1.78,2.15,10.92,"MD","24","Maryland"
"Transfer","Transfer",3509,0.02,0.23,0.32,0.38,0.43,0.5,0.55,0.6,0.67,0.72,0.77,0.83,0.92,1,1.1,1.22,1.4,1.7,2.25,4.09,11.92,"MD","24","Maryland"
"PSC","TPA",266,0.13,0.43,0.49,0.58,0.63,0.68,0.7,0.75,0.78,0.83,0.9,0.95,1.02,1.08,1.14,1.23,1.35,1.5,1.81,2.86,10,"ME","23","Maine"
"Mothership","TPA",14,0.18,0.27,0.36,0.44,0.47,0.48,0.48,0.49,0.51,0.53,0.53,0.54,0.56,0.59,0.62,0.65,0.69,0.74,0.77,0.85,0.98,"ME","23","Maine"
"Mothership","MT(TPA)",1,0.77,0.77,0.77,0.77,0.77,0.77,0.77,0.77,0.77,0.77,0.77,0.77,0.77,0.77,0.77,0.77,0.77,0.77,0.77,0.77,0.77,"ME","23","Maine"
"Mothership","MT(No TPA)",12,0.7,0.77,0.84,0.9,0.97,1.08,1.16,1.22,1.23,1.23,1.28,1.34,1.38,1.42,1.42,1.53,1.79,2.05,2.3,2.35,2.35,"ME","23","Maine"
"Transfer","TPA",39,0.18,0.38,0.43,0.56,0.59,0.64,0.73,0.79,0.88,0.93,0.93,0.93,1.03,1.08,1.16,1.22,1.33,1.67,1.78,2.04,2.72,"ME","23","Maine"
"Transfer","MT",503,0.03,0.58,0.7,0.78,0.88,0.96,1.03,1.15,1.22,1.32,1.43,1.57,1.7,1.85,2.05,2.22,2.48,2.73,3.31,4.16,11.57,"ME","23","Maine"
"Transfer","Transfer",44,0.02,0.12,0.44,0.67,0.73,0.77,0.85,0.94,1.04,1.23,1.46,1.54,1.88,2.22,2.83,3.13,3.99,5.04,8.17,9.13,11.9,"ME","23","Maine"
"PSC","TPA",3530,0.03,0.47,0.53,0.6,0.65,0.68,0.73,0.78,0.83,0.87,0.92,0.95,1,1.08,1.17,1.27,1.38,1.53,1.77,2.22,11.17,"MI","26","Michigan"
"Mothership","TPA",3047,0.07,0.37,0.43,0.48,0.53,0.57,0.62,0.65,0.68,0.72,0.77,0.8,0.85,0.92,0.98,1.06,1.17,1.28,1.48,1.88,10.32,"MI","26","Michigan"
"Mothership","MT(TPA)",643,0.03,0.45,0.55,0.64,0.72,0.78,0.87,0.93,0.98,1.05,1.12,1.18,1.23,1.33,1.43,1.59,1.72,1.88,2.18,2.76,11.85,"MI","26","Michigan"
"Mothership","MT(No TPA)",1310,0.05,0.55,0.75,0.97,1.1,1.22,1.32,1.42,1.53,1.62,1.75,1.83,1.95,2.05,2.18,2.33,2.58,2.9,3.55,4.9,11.92,"MI","26","Michigan"
"Transfer","TPA",29,0.1,0.29,0.34,0.37,0.45,0.52,0.55,0.58,0.7,0.77,0.83,0.91,0.94,1.09,1.21,1.32,1.47,1.61,2.24,2.46,3.6,"MI","26","Michigan"
"Transfer","MT",1476,0.02,0.23,0.32,0.4,0.47,0.53,0.58,0.65,0.73,0.8,0.87,0.92,0.98,1.07,1.16,1.3,1.47,1.67,2.02,2.87,12,"MI","26","Michigan"
"Transfer","Transfer",8519,0.02,0.23,0.33,0.42,0.48,0.53,0.58,0.63,0.68,0.73,0.8,0.87,0.93,1.02,1.13,1.28,1.5,1.78,2.54,5.5,11.97,"MI","26","Michigan"
"PSC","TPA",125,0.4,0.62,0.71,0.78,0.82,0.85,0.92,0.94,0.98,1.04,1.08,1.13,1.16,1.26,1.33,1.5,1.61,1.88,2.44,3.16,4.83,"MN","27","Minnesota"
"Mothership","TPA",627,0.22,0.38,0.44,0.5,0.55,0.58,0.62,0.67,0.72,0.75,0.8,0.85,0.9,0.97,1.03,1.12,1.22,1.38,1.63,2.2,5.72,"MN","27","Minnesota"
"Mothership","MT(TPA)",150,0.1,0.36,0.45,0.51,0.55,0.57,0.58,0.65,0.72,0.82,0.87,0.95,0.97,1.05,1.07,1.1,1.2,1.4,1.52,1.75,8.25,"MN","27","Minnesota"
"Mothership","MT(No TPA)",338,0.18,0.41,0.69,0.93,1.07,1.13,1.2,1.3,1.35,1.44,1.55,1.65,1.72,1.83,1.93,2.07,2.27,2.51,3.03,4.26,11.42,"MN","27","Minnesota"
"Transfer","TPA",29,0.05,0.16,0.21,0.24,0.33,0.38,0.44,0.51,0.54,0.63,0.7,0.76,0.9,1,1.14,1.3,1.32,1.4,1.5,1.77,2.33,"MN","27","Minnesota"
"Transfer","MT",608,0.02,0.27,0.35,0.4,0.43,0.45,0.5,0.53,0.57,0.62,0.67,0.7,0.75,0.82,0.9,1,1.11,1.3,1.56,2.09,10,"MN","27","Minnesota"
"Transfer","Transfer",7825,0.02,0.3,0.4,0.47,0.52,0.57,0.62,0.68,0.75,0.83,0.92,1.02,1.13,1.23,1.33,1.43,1.58,1.78,2.12,2.95,11.88,"MN","27","Minnesota"
"PSC","TPA",3487,0.02,0.37,0.43,0.5,0.55,0.58,0.63,0.68,0.72,0.77,0.82,0.87,0.93,0.98,1.05,1.17,1.28,1.42,1.67,2.12,7.22,"MO","29","Missouri"
"Mothership","TPA",2005,0.07,0.27,0.32,0.35,0.4,0.43,0.47,0.5,0.52,0.57,0.6,0.63,0.68,0.75,0.82,0.9,1.03,1.18,1.38,1.71,7.07,"MO","29","Missouri"
"Mothership","MT(TPA)",432,0.03,0.45,0.57,0.6,0.7,0.75,0.82,0.87,0.92,0.95,1.02,1.08,1.17,1.25,1.33,1.44,1.52,1.68,1.83,2.21,4.6,"MO","29","Missouri"
"Mothership","MT(No TPA)",795,0.22,0.53,0.65,0.78,0.92,1.02,1.1,1.18,1.25,1.33,1.42,1.5,1.58,1.7,1.8,1.92,2.12,2.23,2.48,3.11,12,"MO","29","Missouri"
"Transfer","TPA",48,0.13,0.24,0.37,0.43,0.46,0.53,0.57,0.57,0.6,0.63,0.72,0.81,0.86,0.97,1.01,1.07,1.16,1.28,2.02,2.08,4.12,"MO","29","Missouri"
"Transfer","MT",585,0.02,0.19,0.32,0.41,0.52,0.58,0.68,0.77,0.83,0.9,1.02,1.07,1.13,1.23,1.33,1.5,1.63,1.86,2.32,2.82,11.43,"MO","29","Missouri"
"Transfer","Transfer",5634,0.02,0.32,0.43,0.5,0.58,0.63,0.7,0.75,0.82,0.9,0.98,1.08,1.2,1.33,1.5,1.7,1.97,2.48,3.74,8.64,11.98,"MO","29","Missouri"
"PSC","TPA",410,0.18,0.38,0.45,0.52,0.58,0.6,0.65,0.72,0.76,0.82,0.86,0.9,0.95,0.98,1.03,1.12,1.19,1.3,1.47,1.79,2.87,"MS","28","Mississippi"
"Mothership","TPA",626,0.12,0.42,0.48,0.52,0.55,0.58,0.62,0.67,0.7,0.73,0.78,0.82,0.87,0.92,0.95,1,1.08,1.18,1.31,1.58,8.48,"MS","28","Mississippi"
"Mothership","MT(TPA)",145,0.08,0.15,0.21,0.26,0.33,0.4,0.47,0.52,0.57,0.61,0.68,0.74,0.78,0.82,0.89,0.95,1.02,1.13,1.32,1.63,5.13,"MS","28","Mississippi"
"Mothership","MT(No TPA)",508,0.3,0.72,0.83,0.92,0.98,1.07,1.15,1.22,1.3,1.35,1.42,1.46,1.52,1.58,1.67,1.75,1.9,2.08,2.27,2.88,11.38,"MS","28","Mississippi"
"Transfer","TPA",21,0.03,0.17,0.38,0.4,0.48,0.5,0.53,0.55,0.6,0.75,0.78,0.8,0.82,0.95,0.97,1.02,1.07,1.2,1.33,2.08,2.52,"MS","28","Mississippi"
"Transfer","MT",68,0.32,0.65,0.77,0.9,1.04,1.23,1.27,1.31,1.35,1.57,1.61,1.63,1.79,1.88,2.05,2.27,2.72,2.9,3.65,5.88,9.62,"MS","28","Mississippi"
"Transfer","Transfer",2436,0.02,0.38,0.5,0.6,0.72,0.8,0.9,0.98,1.08,1.2,1.32,1.43,1.53,1.67,1.82,2.02,2.25,2.67,3.74,7.69,11.97,"MS","28","Mississippi"
"PSC","TPA",314,0.17,0.37,0.45,0.5,0.57,0.62,0.65,0.68,0.72,0.77,0.8,0.84,0.9,0.95,1.02,1.1,1.15,1.4,1.66,2.14,6.95,"MT","30","Montana"
"Mothership","TPA",206,0.02,0.25,0.32,0.37,0.4,0.42,0.44,0.47,0.52,0.57,0.65,0.7,0.75,0.8,0.85,0.95,1,1.14,1.39,1.67,4.17,"MT","30","Montana"
"Mothership","MT(TPA)",24,0.15,0.19,0.31,0.32,0.35,0.38,0.4,0.42,0.52,0.58,0.63,0.68,0.77,0.8,0.85,0.86,0.9,0.97,1.13,1.25,1.85,"MT","30","Montana"
"Mothership","MT(No TPA)",71,0.28,0.64,0.72,0.77,0.8,0.88,0.9,0.95,1.02,1.05,1.07,1.11,1.17,1.2,1.23,1.26,1.33,1.57,2.2,3.96,9.33,"MT","30","Montana"
"Transfer","TPA",5,0.6,0.62,0.63,0.65,0.67,0.68,0.69,0.7,0.71,0.72,0.73,1.02,1.31,1.59,1.88,2.17,2.62,3.07,3.53,3.98,4.43,"MT","30","Montana"
"Transfer","MT",83,0.07,0.34,0.47,0.58,0.66,0.73,0.78,0.81,0.83,0.85,0.88,0.9,0.98,1.04,1.18,1.27,1.38,1.45,1.66,1.93,3.52,"MT","30","Montana"
"Transfer","Transfer",752,0.02,0.3,0.47,0.59,0.75,0.85,0.93,1,1.07,1.12,1.18,1.28,1.39,1.52,1.63,1.87,2.28,2.82,4.52,9.31,11.98,"MT","30","Montana"
"PSC","TPA",3523,0.05,0.48,0.57,0.62,0.67,0.72,0.77,0.8,0.83,0.88,0.92,0.97,1.02,1.1,1.17,1.27,1.37,1.52,1.73,2.13,5.33,"NC","37","North Carolina"
"Mothership","TPA",3416,0.08,0.23,0.28,0.32,0.35,0.37,0.4,0.43,0.47,0.52,0.55,0.6,0.65,0.7,0.77,0.85,0.93,1.1,1.3,1.75,9.7,"NC","37","North Carolina"
"Mothership","MT(TPA)",829,0.02,0.26,0.38,0.47,0.52,0.58,0.62,0.67,0.72,0.77,0.82,0.87,0.92,0.98,1.05,1.13,1.25,1.45,1.72,2.13,11.2,"NC","37","North Carolina"
"Mothership","MT(No TPA)",1738,0.02,0.33,0.52,0.67,0.77,0.88,0.98,1.05,1.13,1.2,1.27,1.35,1.43,1.53,1.65,1.8,1.98,2.25,2.62,3.75,11.3,"NC","37","North Carolina"
"Transfer","TPA",22,0.02,0.07,0.11,0.15,0.17,0.2,0.21,0.24,0.28,0.3,0.31,0.33,0.33,0.34,0.36,0.43,0.57,0.66,0.73,1.1,3.68,"NC","37","North Carolina"
"Transfer","MT",833,0.02,0.05,0.17,0.25,0.32,0.37,0.42,0.47,0.53,0.62,0.72,0.79,0.92,1,1.1,1.22,1.37,1.53,1.73,2.21,11.82,"NC","37","North Carolina"
"Transfer","Transfer",9080,0.02,0.22,0.3,0.37,0.43,0.47,0.5,0.55,0.58,0.63,0.67,0.72,0.77,0.83,0.9,1,1.13,1.33,1.63,2.63,11.98,"NC","37","North Carolina"
"PSC","TPA",187,0.35,0.47,0.53,0.58,0.63,0.68,0.72,0.75,0.81,0.84,0.87,0.9,0.93,0.97,1.02,1.13,1.26,1.52,1.86,2.23,4.87,"ND","38","North Dakota"
"Mothership","TPA",206,0.02,0.25,0.32,0.37,0.4,0.42,0.44,0.47,0.52,0.57,0.65,0.7,0.75,0.8,0.85,0.95,1,1.14,1.39,1.67,4.17,"ND","38","North Dakota"
"Mothership","MT(TPA)",24,0.15,0.19,0.31,0.32,0.35,0.38,0.4,0.42,0.52,0.58,0.63,0.68,0.77,0.8,0.85,0.86,0.9,0.97,1.13,1.25,1.85,"ND","38","North Dakota"
"Mothership","MT(No TPA)",71,0.28,0.64,0.72,0.77,0.8,0.88,0.9,0.95,1.02,1.05,1.07,1.11,1.17,1.2,1.23,1.26,1.33,1.57,2.2,3.96,9.33,"ND","38","North Dakota"
"Transfer","TPA",12,0.22,0.25,0.31,0.42,0.52,0.58,0.65,0.73,0.78,0.81,0.82,0.82,0.84,0.86,0.9,0.96,1.06,1.16,1.25,1.49,1.77,"ND","38","North Dakota"
"Transfer","MT",48,0.12,0.33,0.5,0.62,0.97,1.09,1.18,1.26,1.38,1.46,1.6,1.68,1.96,2.29,2.44,2.53,2.78,2.96,3.71,5,5.7,"ND","38","North Dakota"
"Transfer","Transfer",951,0.02,0.58,0.73,0.8,0.9,0.95,1,1.07,1.13,1.23,1.3,1.38,1.53,1.67,1.83,1.96,2.07,2.19,2.5,3.49,11.93,"ND","38","North Dakota"
"PSC","TPA",785,0.17,0.43,0.5,0.57,0.62,0.65,0.7,0.75,0.78,0.83,0.88,0.95,1.02,1.08,1.15,1.23,1.32,1.44,1.7,2.13,5.95,"NE","31","Nebraska"
"Mothership","TPA",264,0.12,0.37,0.4,0.46,0.48,0.52,0.53,0.55,0.58,0.62,0.64,0.67,0.7,0.77,0.82,0.85,0.9,1,1.19,1.45,4.72,"NE","31","Nebraska"
"Mothership","MT(TPA)",76,0.02,0.08,0.12,0.12,0.15,0.17,0.21,0.25,0.28,0.31,0.32,0.4,0.42,0.45,0.48,0.52,0.57,0.61,0.64,0.81,4.63,"NE","31","Nebraska"
"Mothership","MT(No TPA)",127,0.07,0.37,0.48,0.6,0.65,0.73,0.78,0.85,0.87,0.93,0.98,1.03,1.07,1.12,1.23,1.37,1.45,1.67,1.82,2.58,9.05,"NE","31","Nebraska"
"Transfer","TPA",8,0.3,0.36,0.42,0.47,0.47,0.47,0.47,0.47,0.48,0.51,0.57,0.64,0.67,0.68,0.7,0.72,0.74,0.76,1.57,2.51,3.45,"NE","31","Nebraska"
"Transfer","MT",262,0.02,0.07,0.1,0.13,0.26,0.33,0.4,0.45,0.5,0.57,0.63,0.76,0.82,0.92,1,1.12,1.25,1.42,1.75,2.53,5.85,"NE","31","Nebraska"
"Transfer","Transfer",1662,0.02,0.22,0.32,0.38,0.42,0.47,0.5,0.55,0.6,0.63,0.68,0.73,0.8,0.88,0.98,1.1,1.31,1.65,2.17,3.33,11.75,"NE","31","Nebraska"
"PSC","TPA",194,0.23,0.35,0.42,0.48,0.52,0.57,0.6,0.62,0.65,0.71,0.77,0.82,0.88,0.94,1.02,1.1,1.19,1.32,1.62,2.03,3.53,"NH","33","New Hampshire"
"Mothership","TPA",138,0.18,0.4,0.48,0.51,0.55,0.63,0.67,0.77,0.78,0.82,0.87,0.91,0.95,1,1.13,1.29,1.5,1.76,1.99,2.49,4.07,"NH","33","New Hampshire"
"Mothership","MT(TPA)",52,0.07,0.41,0.45,0.54,0.6,0.64,0.69,0.71,0.77,0.8,0.87,0.93,1,1.03,1.11,1.19,1.25,1.46,2.22,2.94,7.13,"NH","33","New Hampshire"
"Mothership","MT(No TPA)",67,0.6,0.87,1.05,1.15,1.28,1.35,1.48,1.55,1.58,1.61,1.72,1.85,1.88,2.15,2.21,2.33,2.44,2.82,3.36,4.47,10.75,"NH","33","New Hampshire"
"Transfer","TPA",39,0.18,0.38,0.43,0.56,0.59,0.64,0.73,0.79,0.88,0.93,0.93,0.93,1.03,1.08,1.16,1.22,1.33,1.67,1.78,2.04,2.72,"NH","33","New Hampshire"
"Transfer","MT",155,0.15,0.38,0.49,0.55,0.61,0.66,0.7,0.73,0.78,0.82,0.85,0.9,0.96,1.03,1.1,1.19,1.42,1.73,1.98,2.59,8.35,"NH","33","New Hampshire"
"Transfer","Transfer",1201,0.02,0.4,0.48,0.55,0.62,0.68,0.77,0.85,0.95,1.02,1.1,1.18,1.25,1.37,1.45,1.55,1.68,1.87,2.22,3.48,11.95,"NH","33","New Hampshire"
"PSC","TPA",3192,0.1,0.38,0.45,0.52,0.57,0.62,0.67,0.72,0.77,0.82,0.87,0.92,0.97,1.02,1.1,1.18,1.3,1.43,1.62,2.04,10.78,"NJ","34","New Jersey"
"Mothership","TPA",3173,0.05,0.35,0.4,0.45,0.48,0.53,0.57,0.62,0.65,0.68,0.73,0.78,0.83,0.88,0.97,1.02,1.12,1.24,1.42,1.77,8.8,"NJ","34","New Jersey"
"Mothership","MT(TPA)",738,0.02,0.36,0.49,0.6,0.72,0.78,0.85,0.93,1.03,1.07,1.15,1.2,1.3,1.4,1.48,1.62,1.77,1.94,2.18,2.63,11.3,"NJ","34","New Jersey"
"Mothership","MT(No TPA)",1306,0.03,0.39,0.63,0.93,1.17,1.35,1.48,1.58,1.68,1.78,1.89,2,2.12,2.23,2.37,2.53,2.73,2.97,3.47,4.65,11.7,"NJ","34","New Jersey"
"Transfer","TPA",9,0.27,0.28,0.29,0.34,0.42,0.5,0.53,0.57,0.6,0.63,0.67,0.76,0.85,0.93,1,1.07,1.07,1.08,1.12,1.18,1.25,"NJ","34","New Jersey"
"Transfer","MT",865,0.02,0.2,0.28,0.38,0.45,0.52,0.57,0.63,0.69,0.75,0.83,0.9,0.98,1.1,1.23,1.42,1.65,1.97,2.26,2.88,9.38,"NJ","34","New Jersey"
"Transfer","Transfer",4441,0.02,0.17,0.27,0.33,0.38,0.42,0.47,0.52,0.57,0.62,0.67,0.73,0.8,0.88,0.95,1.08,1.25,1.65,3.07,7.08,11.98,"NJ","34","New Jersey"
"PSC","TPA",623,0.18,0.34,0.4,0.45,0.48,0.55,0.6,0.65,0.7,0.75,0.83,0.9,0.98,1.07,1.22,1.37,1.52,1.75,2.04,2.41,4.27,"NM","35","New Mexico"
"Mothership","TPA",693,0.15,0.31,0.38,0.43,0.48,0.52,0.57,0.62,0.65,0.7,0.75,0.82,0.85,0.93,1.02,1.1,1.23,1.37,1.7,2.1,8.68,"NM","35","New Mexico"
"Mothership","MT(TPA)",164,0.02,0.19,0.32,0.44,0.5,0.58,0.7,0.73,0.8,0.89,0.99,1.05,1.13,1.22,1.3,1.4,1.52,1.68,1.96,2.99,6.02,"NM","35","New Mexico"
"Mothership","MT(No TPA)",565,0.05,0.15,0.2,0.27,0.33,0.4,0.47,0.57,0.68,0.8,0.93,1.08,1.28,1.42,1.55,1.75,1.93,2.23,2.7,3.63,10.67,"NM","35","New Mexico"
"Transfer","TPA",7,0.2,0.31,0.43,0.54,0.61,0.66,0.7,0.74,0.76,0.78,0.8,0.86,0.92,0.98,1.11,1.28,1.45,1.7,2.08,2.47,2.85,"NM","35","New Mexico"
"Transfer","MT",194,0.15,0.34,0.48,0.53,0.67,0.83,0.95,1.02,1.1,1.21,1.26,1.33,1.46,1.56,1.72,1.82,1.96,2.12,2.41,2.9,5.8,"NM","35","New Mexico"
"Transfer","Transfer",767,0.02,0.24,0.36,0.45,0.52,0.65,0.86,1.25,1.61,1.97,2.25,2.79,3.46,4.05,4.77,5.62,6.9,8.97,10.08,10.91,11.97,"NM","35","New Mexico"
"PSC","TPA",1286,0.05,0.42,0.5,0.57,0.62,0.67,0.73,0.77,0.82,0.87,0.93,0.98,1.03,1.1,1.2,1.28,1.38,1.57,1.78,2.16,11.18,"NV","32","Nevada"
"Mothership","TPA",531,0.13,0.36,0.43,0.5,0.58,0.62,0.67,0.7,0.73,0.78,0.83,0.87,0.92,0.97,1.02,1.1,1.23,1.36,1.57,2.11,7.17,"NV","32","Nevada"
"Mothership","MT(TPA)",128,0.02,0.16,0.2,0.22,0.3,0.33,0.39,0.45,0.53,0.62,0.75,0.91,1.05,1.24,1.32,1.5,1.79,2.05,2.35,2.96,10.3,"NV","32","Nevada"
"Mothership","MT(No TPA)",220,0.33,0.58,0.72,0.8,0.9,0.98,1.03,1.11,1.24,1.33,1.47,1.56,1.67,1.76,1.93,2.13,2.37,2.77,3.25,4.32,10.75,"NV","32","Nevada"
"Transfer","TPA",44,0.17,0.32,0.38,0.39,0.42,0.48,0.5,0.52,0.59,0.61,0.64,0.71,0.79,0.92,0.95,1.02,1.09,1.18,1.25,1.43,2.83,"NV","32","Nevada"
"Transfer","MT",285,0.03,0.14,0.2,0.25,0.32,0.38,0.43,0.58,0.63,0.7,0.8,0.88,1.02,1.16,1.25,1.4,1.5,1.7,2.04,3.03,10.82,"NV","32","Nevada"
"Transfer","Transfer",1436,0.02,0.23,0.3,0.33,0.4,0.43,0.48,0.53,0.6,0.67,0.75,0.9,1.13,1.47,2.16,3.42,5.52,7.86,9.79,11,11.98,"NV","32","Nevada"
"PSC","TPA",6626,0.02,0.47,0.55,0.6,0.67,0.72,0.77,0.82,0.87,0.92,0.98,1.03,1.12,1.18,1.27,1.38,1.5,1.67,1.92,2.4,11.55,"NY","36","New York"
"Mothership","TPA",4754,0.02,0.35,0.43,0.48,0.52,0.57,0.62,0.65,0.7,0.73,0.78,0.83,0.88,0.95,1.02,1.1,1.2,1.33,1.53,1.95,6.57,"NY","36","New York"
"Mothership","MT(TPA)",960,0.02,0.3,0.41,0.5,0.55,0.62,0.68,0.75,0.82,0.88,0.93,1.02,1.08,1.17,1.25,1.35,1.5,1.65,1.95,2.53,10.23,"NY","36","New York"
"Mothership","MT(No TPA)",2732,0.02,0.73,0.9,1.03,1.12,1.18,1.27,1.35,1.43,1.52,1.58,1.67,1.75,1.87,1.98,2.13,2.35,2.61,3.07,4.61,11.82,"NY","36","New York"
"Transfer","TPA",90,0.08,0.27,0.38,0.44,0.47,0.5,0.58,0.64,0.67,0.72,0.8,0.83,0.85,0.88,0.95,0.98,1.07,1.24,1.43,1.71,3.03,"NY","36","New York"
"Transfer","MT",2204,0.02,0.35,0.5,0.6,0.68,0.77,0.85,0.92,1,1.08,1.18,1.27,1.35,1.45,1.57,1.72,1.85,2.03,2.36,2.83,11.83,"NY","36","New York"
"Transfer","Transfer",17126,0.02,0.18,0.27,0.32,0.37,0.42,0.47,0.53,0.6,0.67,0.75,0.82,0.9,1,1.12,1.27,1.48,1.8,2.38,4.63,11.97,"NY","36","New York"
"PSC","TPA",4575,0.07,0.43,0.52,0.57,0.62,0.67,0.72,0.77,0.81,0.85,0.88,0.93,0.98,1.05,1.12,1.22,1.32,1.45,1.65,2.04,11.52,"OH","39","Ohio"
"Mothership","TPA",2552,0.05,0.35,0.4,0.47,0.5,0.53,0.58,0.63,0.68,0.72,0.78,0.83,0.88,0.95,1.02,1.1,1.22,1.37,1.6,2.09,7.38,"OH","39","Ohio"
"Mothership","MT(TPA)",518,0.03,0.4,0.52,0.63,0.72,0.77,0.85,0.9,0.97,1.02,1.08,1.15,1.2,1.27,1.35,1.43,1.55,1.75,2.07,2.52,11.12,"OH","39","Ohio"
"Mothership","MT(No TPA)",1444,0.02,0.25,0.37,0.52,0.63,0.77,0.9,1.08,1.2,1.3,1.4,1.5,1.65,1.77,1.88,2.07,2.29,2.64,3.02,4.16,11.92,"OH","39","Ohio"
"Transfer","TPA",58,0.07,0.12,0.21,0.26,0.3,0.32,0.33,0.35,0.38,0.4,0.49,0.56,0.6,0.63,0.66,0.74,0.87,0.94,1.32,1.85,2.25,"OH","39","Ohio"
"Transfer","MT",1052,0.02,0.33,0.45,0.56,0.65,0.73,0.82,0.92,0.98,1.05,1.15,1.25,1.34,1.43,1.55,1.68,1.85,2.03,2.35,3.22,11.92,"OH","39","Ohio"
"Transfer","Transfer",8198,0.02,0.17,0.27,0.33,0.4,0.45,0.49,0.53,0.58,0.63,0.7,0.77,0.83,0.93,1.03,1.2,1.45,1.98,3.93,8.92,11.97,"OH","39","Ohio"
"PSC","TPA",829,0.07,0.35,0.45,0.52,0.57,0.63,0.67,0.72,0.77,0.82,0.87,0.92,0.98,1.05,1.13,1.22,1.35,1.47,1.67,2.01,4.65,"OK","40","Oklahoma"
"Mothership","TPA",753,0.18,0.36,0.4,0.43,0.47,0.5,0.54,0.57,0.6,0.65,0.68,0.73,0.77,0.82,0.88,0.93,1.03,1.13,1.33,1.8,5.1,"OK","40","Oklahoma"
"Mothership","MT(TPA)",144,0.12,0.44,0.5,0.55,0.61,0.7,0.8,0.88,0.92,0.96,1.03,1.08,1.17,1.25,1.32,1.43,1.55,1.65,1.86,2.19,8.78,"OK","40","Oklahoma"
"Mothership","MT(No TPA)",201,0.43,0.85,0.97,1.1,1.28,1.37,1.45,1.5,1.6,1.67,1.78,1.9,2.02,2.13,2.2,2.3,2.5,2.83,3.22,5.17,10.9,"OK","40","Oklahoma"
"Transfer","TPA",21,0.2,0.25,0.28,0.32,0.32,0.42,0.45,0.47,0.5,0.52,0.53,0.55,0.57,0.58,0.65,0.7,0.75,1.08,1.18,1.23,1.6,"OK","40","Oklahoma"
"Transfer","MT",205,0.02,0.15,0.31,0.42,0.5,0.63,0.69,0.84,0.95,1.05,1.17,1.23,1.33,1.43,1.55,1.72,1.87,2.09,2.5,3.18,9.42,"OK","40","Oklahoma"
"Transfer","Transfer",2936,0.02,0.15,0.28,0.38,0.48,0.57,0.63,0.7,0.77,0.83,0.92,1,1.1,1.25,1.43,1.67,2.02,2.5,3.72,6.65,11.98,"OK","40","Oklahoma"
"PSC","TPA",663,0.25,0.45,0.52,0.58,0.63,0.67,0.7,0.73,0.78,0.82,0.85,0.9,0.95,1.02,1.08,1.17,1.29,1.43,1.65,2.05,4.33,"OR","41","Oregon"
"Mothership","TPA",232,0.2,0.38,0.42,0.43,0.48,0.53,0.57,0.58,0.63,0.68,0.72,0.75,0.78,0.82,0.86,0.95,1.02,1.11,1.25,1.56,2.78,"OR","41","Oregon"
"Mothership","MT(TPA)",100,0.08,0.17,0.33,0.45,0.58,0.65,0.7,0.74,0.84,0.93,0.97,1.04,1.15,1.21,1.26,1.32,1.47,1.66,2.07,2.23,3.47,"OR","41","Oregon"
"Mothership","MT(No TPA)",219,0.07,0.35,0.52,0.65,0.74,0.87,0.97,1.05,1.12,1.22,1.3,1.45,1.55,1.69,1.85,1.93,2.05,2.2,2.48,3.22,9.02,"OR","41","Oregon"
"Transfer","TPA",7,0.63,0.73,0.82,0.92,1.03,1.14,1.26,1.44,1.75,2.07,2.38,2.53,2.68,2.83,3.06,3.32,3.58,3.83,4.05,4.28,4.5,"OR","41","Oregon"
"Transfer","MT",436,0.02,0.23,0.3,0.42,0.48,0.55,0.6,0.65,0.7,0.75,0.83,0.88,0.95,1,1.09,1.2,1.33,1.51,1.85,2.49,10.03,"OR","41","Oregon"
"Transfer","Transfer",3751,0.02,0.23,0.32,0.38,0.43,0.47,0.5,0.55,0.62,0.68,0.75,0.83,0.95,1.05,1.2,1.42,1.68,2.07,2.58,4.55,11.97,"OR","41","Oregon"
"PSC","TPA",7656,0.02,0.45,0.53,0.6,0.67,0.72,0.75,0.8,0.85,0.9,0.95,1,1.07,1.13,1.22,1.3,1.42,1.55,1.77,2.18,11.58,"PA","42","Pennsylvania"
"Mothership","TPA",3858,0.02,0.37,0.45,0.5,0.53,0.57,0.62,0.65,0.68,0.73,0.77,0.82,0.87,0.93,1,1.08,1.18,1.32,1.57,1.98,10.98,"PA","42","Pennsylvania"
"Mothership","MT(TPA)",897,0.02,0.3,0.42,0.5,0.57,0.62,0.67,0.72,0.78,0.83,0.88,0.97,1.03,1.12,1.2,1.32,1.42,1.58,1.85,2.44,10.1,"PA","42","Pennsylvania"
"Mothership","MT(No TPA)",1821,0.02,0.58,0.77,0.9,1.03,1.15,1.23,1.33,1.42,1.52,1.62,1.7,1.82,1.93,2.07,2.2,2.42,2.72,3.22,4.6,11.88,"PA","42","Pennsylvania"
"Transfer","TPA",68,0.03,0.17,0.29,0.33,0.36,0.4,0.47,0.52,0.6,0.67,0.7,0.78,0.81,0.88,0.93,1,1.07,1.18,1.21,1.96,8.6,"PA","42","Pennsylvania"
"Transfer","MT",3156,0.02,0.2,0.28,0.33,0.4,0.45,0.52,0.57,0.62,0.67,0.73,0.8,0.87,0.97,1.08,1.23,1.4,1.63,1.98,2.52,11.92,"PA","42","Pennsylvania"
"Transfer","Transfer",16130,0.02,0.18,0.28,0.35,0.4,0.43,0.48,0.53,0.58,0.65,0.72,0.78,0.87,0.97,1.08,1.23,1.45,1.87,3.02,7.75,11.98,"PA","42","Pennsylvania"
"PSC","TPA",387,0.02,0.4,0.48,0.52,0.57,0.63,0.67,0.72,0.77,0.8,0.83,0.89,0.95,1,1.07,1.14,1.23,1.32,1.49,1.88,4.18,"PR","72","Puerto Rico"
"Mothership","TPA",0,NA,NA,NA,NA,NA,NA,NA,NA,NA,NA,NA,NA,NA,NA,NA,NA,NA,NA,NA,NA,NA,"PR","72","Puerto Rico"
"Mothership","MT(TPA)",0,NA,NA,NA,NA,NA,NA,NA,NA,NA,NA,NA,NA,NA,NA,NA,NA,NA,NA,NA,NA,NA,"PR","72","Puerto Rico"
"Mothership","MT(No TPA)",0,NA,NA,NA,NA,NA,NA,NA,NA,NA,NA,NA,NA,NA,NA,NA,NA,NA,NA,NA,NA,NA,"PR","72","Puerto Rico"
"Transfer","TPA",70,0.23,0.37,0.45,0.5,0.52,0.58,0.62,0.64,0.72,0.73,0.76,0.78,0.81,0.88,0.92,0.97,1.04,1.19,1.42,1.64,2,"PR","72","Puerto Rico"
"Transfer","MT",24,0.02,0.22,0.7,0.79,0.91,1.03,1.07,1.09,1.22,1.34,1.42,1.43,1.66,2.05,2.21,2.55,3.61,5.01,5.29,5.46,5.72,"PR","72","Puerto Rico"
"Transfer","Transfer",1735,0.03,0.48,0.68,0.8,0.92,1.02,1.17,1.3,1.47,1.63,1.78,1.97,2.16,2.35,2.63,3,3.45,3.97,4.99,7.55,11.98,"PR","72","Puerto Rico"
"PSC","TPA",391,0.12,0.64,0.72,0.79,0.85,0.89,0.95,1,1.07,1.12,1.2,1.28,1.38,1.48,1.58,1.67,1.82,1.99,2.28,2.71,10.55,"RI","44","Rhode Island"
"Mothership","TPA",861,0.25,0.43,0.47,0.5,0.53,0.57,0.6,0.63,0.67,0.72,0.75,0.8,0.83,0.88,0.97,1.03,1.12,1.28,1.57,2.02,9.45,"RI","44","Rhode Island"
"Mothership","MT(TPA)",219,0.02,0.23,0.37,0.45,0.49,0.55,0.58,0.63,0.65,0.73,0.77,0.85,0.88,0.95,1,1.06,1.19,1.32,1.47,1.77,4.22,"RI","44","Rhode Island"
"Mothership","MT(No TPA)",390,0.13,0.68,0.9,0.99,1.08,1.15,1.21,1.27,1.31,1.38,1.45,1.55,1.62,1.68,1.78,1.9,2.1,2.32,2.9,3.83,10.78,"RI","44","Rhode Island"
"Transfer","TPA",19,0.22,0.29,0.37,0.46,0.52,0.54,0.56,0.62,0.74,0.79,0.83,0.86,0.91,0.92,0.97,1,1.01,1.03,1.07,1.21,2.2,"RI","44","Rhode Island"
"Transfer","MT",324,0.1,0.32,0.38,0.42,0.47,0.52,0.55,0.58,0.62,0.67,0.77,0.87,1.05,1.13,1.32,1.42,1.63,1.92,2.16,2.66,9.88,"RI","44","Rhode Island"
"Transfer","Transfer",1090,0.02,0.12,0.18,0.25,0.33,0.44,0.57,0.67,0.77,0.88,1.04,1.22,1.5,1.91,2.78,4.18,7.01,8.99,10.32,11.2,11.97,"RI","44","Rhode Island"
"PSC","TPA",1867,0.08,0.42,0.53,0.58,0.62,0.67,0.72,0.75,0.78,0.83,0.88,0.93,0.98,1.03,1.1,1.18,1.3,1.45,1.7,2.14,9.82,"SC","45","South Carolina"
"Mothership","TPA",1690,0.05,0.22,0.27,0.28,0.32,0.37,0.4,0.43,0.48,0.52,0.55,0.58,0.65,0.7,0.77,0.85,0.95,1.07,1.28,1.65,4.42,"SC","45","South Carolina"
"Mothership","MT(TPA)",457,0.02,0.17,0.28,0.39,0.47,0.53,0.57,0.62,0.68,0.73,0.78,0.83,0.88,0.97,1.02,1.1,1.2,1.28,1.41,1.66,9.98,"SC","45","South Carolina"
"Mothership","MT(No TPA)",678,0.03,0.62,0.77,0.86,0.97,1.05,1.13,1.18,1.25,1.28,1.37,1.43,1.52,1.58,1.65,1.77,1.88,2.08,2.4,3.37,11.7,"SC","45","South Carolina"
"Transfer","TPA",22,0.23,0.25,0.32,0.32,0.34,0.38,0.39,0.41,0.42,0.46,0.52,0.57,0.61,0.71,0.79,0.82,0.89,0.93,1.01,1.11,2.05,"SC","45","South Carolina"
"Transfer","MT",922,0.02,0.05,0.12,0.22,0.37,0.43,0.52,0.58,0.68,0.77,0.83,0.95,1.05,1.15,1.23,1.33,1.43,1.58,1.78,2.25,9.9,"SC","45","South Carolina"
"Transfer","Transfer",5966,0.02,0.27,0.37,0.45,0.52,0.58,0.63,0.7,0.77,0.85,0.93,1.02,1.12,1.25,1.42,1.68,2.17,3.4,6.1,10.01,11.98,"SC","45","South Carolina"
"PSC","TPA",223,0.05,0.47,0.54,0.59,0.65,0.68,0.72,0.77,0.83,0.87,0.92,0.95,1,1.05,1.1,1.2,1.33,1.48,1.66,2.13,3.6,"SD","46","South Dakota"
"Mothership","TPA",76,0.15,0.42,0.45,0.52,0.53,0.6,0.63,0.67,0.7,0.73,0.76,0.79,0.85,0.9,0.95,1.01,1.12,1.29,1.81,2.28,3.22,"SD","46","South Dakota"
"Mothership","MT(TPA)",11,0.55,0.64,0.73,0.76,0.78,0.79,0.8,0.82,0.83,0.86,0.88,1.03,1.18,1.26,1.33,1.42,1.5,1.61,1.72,1.74,1.77,"SD","46","South Dakota"
"Mothership","MT(No TPA)",56,0.58,0.68,0.87,0.93,0.98,1.04,1.09,1.19,1.28,1.35,1.49,1.55,1.62,1.63,1.69,1.77,1.93,2.06,2.18,2.47,3,"SD","46","South Dakota"
"Transfer","TPA",1,1.37,1.37,1.37,1.37,1.37,1.37,1.37,1.37,1.37,1.37,1.37,1.37,1.37,1.37,1.37,1.37,1.37,1.37,1.37,1.37,1.37,"SD","46","South Dakota"
"Transfer","MT",55,0.18,0.41,0.43,0.47,0.48,0.5,0.53,0.57,0.59,0.62,0.67,0.8,0.89,0.98,1.05,1.16,1.28,1.42,1.53,1.71,4.4,"SD","46","South Dakota"
"Transfer","Transfer",234,0.17,0.43,0.54,0.6,0.68,0.75,0.83,0.9,1,1.13,1.26,1.42,1.53,1.69,2.07,2.67,4.19,7.26,9.44,10.59,11.82,"SD","46","South Dakota"
"PSC","TPA",3485,0.05,0.42,0.5,0.55,0.6,0.65,0.7,0.73,0.78,0.83,0.88,0.94,1,1.07,1.15,1.25,1.35,1.5,1.75,2.18,7.43,"TN","47","Tennessee"
"Mothership","TPA",2569,0.03,0.3,0.35,0.4,0.43,0.47,0.5,0.53,0.57,0.58,0.63,0.67,0.72,0.77,0.82,0.88,0.95,1.03,1.2,1.61,10.25,"TN","47","Tennessee"
"Mothership","MT(TPA)",652,0.02,0.33,0.43,0.5,0.57,0.61,0.68,0.72,0.77,0.8,0.87,0.92,0.97,1.02,1.08,1.15,1.23,1.34,1.6,1.95,11.83,"TN","47","Tennessee"
"Mothership","MT(No TPA)",968,0.02,0.78,0.93,1.03,1.1,1.18,1.25,1.32,1.37,1.43,1.5,1.55,1.63,1.71,1.82,1.9,2.02,2.23,2.64,3.69,11.8,"TN","47","Tennessee"
"Transfer","TPA",83,0.15,0.2,0.27,0.33,0.46,0.53,0.56,0.59,0.64,0.67,0.7,0.74,0.8,0.89,0.97,1.04,1.14,1.46,1.97,2.5,10.93,"TN","47","Tennessee"
"Transfer","MT",1630,0.02,0.15,0.23,0.3,0.38,0.48,0.55,0.63,0.73,0.83,0.95,1.03,1.12,1.22,1.32,1.42,1.55,1.74,2.05,2.65,11.97,"TN","47","Tennessee"
"Transfer","Transfer",12113,0.02,0.3,0.43,0.52,0.6,0.68,0.75,0.83,0.92,1,1.08,1.18,1.3,1.42,1.57,1.77,2.02,2.38,3,5.1,11.95,"TN","47","Tennessee"
"PSC","TPA",8600,0.02,0.37,0.45,0.5,0.55,0.6,0.65,0.7,0.75,0.8,0.85,0.9,0.95,1,1.08,1.18,1.3,1.45,1.68,2.15,9.28,"TX","48","Texas"
"Mothership","TPA",3685,0.05,0.35,0.42,0.47,0.52,0.57,0.6,0.65,0.68,0.72,0.77,0.8,0.87,0.92,0.98,1.05,1.15,1.28,1.52,1.9,11.33,"TX","48","Texas"
"Mothership","MT(TPA)",846,0.02,0.28,0.41,0.5,0.57,0.62,0.68,0.73,0.82,0.88,0.95,1.03,1.1,1.19,1.28,1.37,1.47,1.62,1.83,2.21,9.12,"TX","48","Texas"
"Mothership","MT(No TPA)",1647,0.02,0.53,0.79,0.93,1.05,1.17,1.27,1.35,1.45,1.53,1.63,1.73,1.85,1.97,2.08,2.22,2.42,2.67,3.16,4.56,11.63,"TX","48","Texas"
"Transfer","TPA",181,0.1,0.28,0.35,0.4,0.47,0.55,0.58,0.63,0.72,0.75,0.82,0.87,0.92,0.97,1.02,1.1,1.33,1.52,1.68,2.05,4.37,"TX","48","Texas"
"Transfer","MT",2556,0.02,0.32,0.43,0.52,0.6,0.67,0.73,0.8,0.87,0.95,1.03,1.12,1.22,1.33,1.45,1.58,1.77,2.05,2.38,3.08,11.15,"TX","48","Texas"
"Transfer","Transfer",17330,0.02,0.2,0.3,0.38,0.45,0.52,0.6,0.67,0.73,0.82,0.92,1.03,1.17,1.33,1.55,1.9,2.42,3.27,5.08,9.18,11.98,"TX","48","Texas"
"PSC","TPA",691,0.17,0.32,0.37,0.42,0.45,0.48,0.52,0.57,0.6,0.63,0.68,0.72,0.77,0.8,0.87,0.92,1,1.1,1.25,1.62,4.5,"UT","49","Utah"
"Mothership","TPA",475,0.17,0.3,0.33,0.38,0.4,0.42,0.45,0.48,0.52,0.55,0.58,0.62,0.67,0.72,0.8,0.9,0.98,1.08,1.23,1.62,8.92,"UT","49","Utah"
"Mothership","MT(TPA)",134,0.23,0.57,0.65,0.77,0.8,0.87,0.92,0.98,1.05,1.1,1.14,1.2,1.25,1.3,1.35,1.41,1.5,1.63,1.8,2.1,5.38,"UT","49","Utah"
"Mothership","MT(No TPA)",117,0.18,0.58,0.85,1.01,1.14,1.23,1.41,1.55,1.62,1.68,1.77,1.81,1.84,1.89,1.99,2.07,2.25,2.57,2.83,3.72,8.75,"UT","49","Utah"
"Transfer","TPA",13,0.27,0.38,0.46,0.49,0.52,0.55,0.56,0.61,0.74,0.81,0.85,0.86,0.87,0.88,0.9,0.93,1.08,1.2,1.26,1.38,1.52,"UT","49","Utah"
"Transfer","MT",223,0.02,0.2,0.34,0.42,0.53,0.6,0.65,0.71,0.77,0.83,0.92,1.02,1.08,1.15,1.25,1.33,1.49,1.71,1.95,2.51,4.63,"UT","49","Utah"
"Transfer","Transfer",1755,0.02,0.28,0.38,0.47,0.52,0.57,0.62,0.7,0.77,0.85,0.97,1.12,1.3,1.52,1.83,2.25,2.97,3.91,6.09,9.91,11.98,"UT","49","Utah"
"PSC","TPA",2408,0.03,0.4,0.48,0.53,0.6,0.63,0.7,0.73,0.78,0.83,0.88,0.93,0.98,1.05,1.13,1.23,1.33,1.47,1.65,2.03,5.43,"VA","51","Virginia"
"Mothership","TPA",1475,0.12,0.3,0.35,0.4,0.45,0.5,0.53,0.58,0.62,0.65,0.7,0.75,0.8,0.87,0.93,1,1.12,1.25,1.46,1.73,9.58,"VA","51","Virginia"
"Mothership","MT(TPA)",312,0.05,0.28,0.43,0.57,0.67,0.75,0.82,0.88,0.92,1,1.08,1.15,1.23,1.32,1.37,1.47,1.59,1.74,1.96,2.21,7.83,"VA","51","Virginia"
"Mothership","MT(No TPA)",826,0.08,0.33,0.53,0.73,0.9,1.08,1.22,1.31,1.42,1.52,1.61,1.7,1.82,1.93,2.05,2.18,2.38,2.63,3.02,3.9,10.05,"VA","51","Virginia"
"Transfer","TPA",15,0.3,0.33,0.36,0.39,0.41,0.48,0.56,0.58,0.63,0.68,0.72,0.74,0.76,0.77,0.79,0.88,1.02,1.28,1.51,1.63,1.63,"VA","51","Virginia"
"Transfer","MT",1085,0.02,0.14,0.23,0.28,0.33,0.37,0.4,0.43,0.48,0.53,0.57,0.62,0.67,0.75,0.83,0.95,1.09,1.27,1.55,2,11.18,"VA","51","Virginia"
"Transfer","Transfer",6769,0.02,0.17,0.27,0.33,0.38,0.43,0.48,0.52,0.58,0.63,0.7,0.78,0.87,0.97,1.08,1.25,1.42,1.7,2.43,4.95,11.97,"VA","51","Virginia"
"PSC","TPA",93,0.45,0.61,0.67,0.7,0.74,0.78,0.82,0.84,0.89,0.94,0.97,1,1.05,1.08,1.13,1.23,1.29,1.47,1.58,2.08,3.17,"VT","50","Vermont"
"Mothership","TPA",642,0.02,0.47,0.58,0.62,0.65,0.72,0.75,0.8,0.83,0.88,0.94,1,1.07,1.13,1.2,1.32,1.42,1.6,1.78,2.45,5.92,"VT","50","Vermont"
"Mothership","MT(TPA)",166,0.17,0.56,0.75,0.88,0.98,1.07,1.11,1.17,1.23,1.28,1.34,1.4,1.45,1.58,1.7,1.8,1.88,2.07,2.18,2.98,5.43,"VT","50","Vermont"
"Mothership","MT(No TPA)",471,0.55,0.99,1.18,1.38,1.53,1.67,1.77,1.85,1.98,2.13,2.23,2.37,2.52,2.68,2.8,2.99,3.32,3.66,4.32,5.1,10.23,"VT","50","Vermont"
"Transfer","TPA",3,0.45,0.49,0.53,0.56,0.6,0.64,0.68,0.72,0.76,0.79,0.83,0.96,1.09,1.22,1.35,1.48,1.61,1.74,1.87,2,2.13,"VT","50","Vermont"
"Transfer","MT",100,0.17,0.4,0.48,0.55,0.58,0.63,0.66,0.73,0.78,0.91,0.93,0.99,1.06,1.12,1.21,1.3,1.49,1.7,2.18,2.57,10.95,"VT","50","Vermont"
"Transfer","Transfer",486,0.02,0.48,0.62,0.75,0.88,1.03,1.15,1.23,1.37,1.54,1.73,1.9,2.25,2.58,3.04,3.8,4.47,6.51,9.03,10.98,11.97,"VT","50","Vermont"
"PSC","TPA",1374,0.08,0.43,0.48,0.53,0.57,0.62,0.66,0.68,0.73,0.78,0.82,0.87,0.9,0.97,1.03,1.1,1.2,1.33,1.55,1.98,7.22,"WA","53","Washington"
"Mothership","TPA",232,0.2,0.38,0.42,0.43,0.48,0.53,0.57,0.58,0.63,0.68,0.72,0.75,0.78,0.82,0.86,0.95,1.02,1.11,1.25,1.56,2.78,"WA","53","Washington"
"Mothership","MT(TPA)",100,0.08,0.17,0.33,0.45,0.58,0.65,0.7,0.74,0.84,0.93,0.97,1.04,1.15,1.21,1.26,1.32,1.47,1.66,2.07,2.23,3.47,"WA","53","Washington"
"Mothership","MT(No TPA)",219,0.07,0.35,0.52,0.65,0.74,0.87,0.97,1.05,1.12,1.22,1.3,1.45,1.55,1.69,1.85,1.93,2.05,2.2,2.48,3.22,9.02,"WA","53","Washington"
"Transfer","TPA",13,0.3,0.36,0.42,0.48,0.53,0.58,0.65,0.71,0.73,0.73,0.73,0.89,1.06,1.25,1.46,1.68,1.85,2.06,2.35,2.7,3.08,"WA","53","Washington"
"Transfer","MT",367,0.05,0.17,0.27,0.3,0.35,0.42,0.48,0.52,0.59,0.7,0.75,0.83,0.92,1,1.12,1.26,1.46,1.77,1.98,2.37,11.12,"WA","53","Washington"
"Transfer","Transfer",3139,0.02,0.18,0.3,0.38,0.45,0.51,0.55,0.6,0.67,0.72,0.78,0.87,0.97,1.13,1.35,1.62,2.07,2.71,3.88,7.02,11.97,"WA","53","Washington"
"PSC","TPA",1861,0.12,0.43,0.5,0.57,0.65,0.7,0.75,0.8,0.85,0.9,0.95,1,1.07,1.13,1.22,1.32,1.45,1.6,1.82,2.28,7.28,"WI","55","Wisconsin"
"Mothership","TPA",556,0.12,0.32,0.37,0.42,0.47,0.5,0.55,0.58,0.65,0.72,0.8,0.85,0.92,0.98,1.03,1.12,1.22,1.37,1.58,1.98,3.47,"WI","55","Wisconsin"
"Mothership","MT(TPA)",136,0.02,0.47,0.68,0.84,0.97,1,1.05,1.12,1.15,1.23,1.26,1.33,1.38,1.5,1.62,1.75,1.87,1.98,2.22,3.08,4.38,"WI","55","Wisconsin"
"Mothership","MT(No TPA)",329,0.02,0.37,0.53,0.85,1.09,1.23,1.52,1.6,1.75,1.83,1.93,2.04,2.13,2.27,2.39,2.55,2.79,2.93,3.29,4.35,11.03,"WI","55","Wisconsin"
"Transfer","TPA",29,0.12,0.28,0.35,0.37,0.4,0.45,0.46,0.47,0.49,0.55,0.63,0.67,0.71,0.77,0.94,1.03,1.16,1.45,1.53,1.7,2.45,"WI","55","Wisconsin"
"Transfer","MT",1103,0.02,0.2,0.27,0.32,0.38,0.45,0.5,0.58,0.67,0.77,0.82,0.9,1,1.12,1.23,1.36,1.53,1.73,2,2.47,10.17,"WI","55","Wisconsin"
"Transfer","Transfer",6735,0.02,0.23,0.33,0.42,0.48,0.52,0.57,0.62,0.68,0.73,0.8,0.85,0.92,1,1.07,1.17,1.28,1.48,1.87,3.27,11.98,"WI","55","Wisconsin"
"PSC","TPA",616,0.17,0.55,0.67,0.75,0.83,0.88,0.95,0.98,1.03,1.13,1.18,1.27,1.35,1.45,1.52,1.62,1.75,1.95,2.28,2.57,4.28,"WV","54","West Virginia"
"Mothership","TPA",337,0.12,0.36,0.4,0.43,0.47,0.5,0.52,0.55,0.58,0.62,0.65,0.68,0.72,0.77,0.8,0.85,0.9,0.96,1.06,1.27,1.97,"WV","54","West Virginia"
"Mothership","MT(TPA)",76,0.07,0.2,0.32,0.35,0.4,0.42,0.46,0.48,0.52,0.58,0.6,0.63,0.7,0.71,0.77,0.8,0.93,1,1.11,1.49,5.82,"WV","54","West Virginia"
"Mothership","MT(No TPA)",133,0.13,0.35,0.59,0.72,0.8,0.85,0.95,1.05,1.12,1.17,1.22,1.32,1.38,1.4,1.5,1.57,1.7,1.8,1.92,2.32,8.9,"WV","54","West Virginia"
"Transfer","TPA",16,0.43,0.5,0.53,0.54,0.57,0.57,0.6,0.66,0.75,0.76,0.77,0.8,0.83,0.86,0.91,1.09,1.52,2.18,3.28,4.45,5.32,"WV","54","West Virginia"
"Transfer","MT",168,0.05,0.18,0.25,0.33,0.38,0.47,0.57,0.67,0.79,0.87,0.91,1.07,1.15,1.23,1.28,1.38,1.48,1.62,1.87,2.27,8.32,"WV","54","West Virginia"
"Transfer","Transfer",1930,0.02,0.34,0.45,0.55,0.62,0.7,0.77,0.83,0.93,1.02,1.1,1.23,1.37,1.57,1.79,2.03,2.32,2.73,3.84,6.65,11.97,"WV","54","West Virginia"
"PSC","TPA",183,0.23,0.35,0.42,0.45,0.5,0.53,0.58,0.63,0.65,0.68,0.73,0.77,0.82,0.92,1,1.07,1.22,1.3,1.56,2.31,3.93,"WY","56","Wyoming"
"Mothership","TPA",206,0.02,0.25,0.32,0.37,0.4,0.42,0.44,0.47,0.52,0.57,0.65,0.7,0.75,0.8,0.85,0.95,1,1.14,1.39,1.67,4.17,"WY","56","Wyoming"
"Mothership","MT(TPA)",24,0.15,0.19,0.31,0.32,0.35,0.38,0.4,0.42,0.52,0.58,0.63,0.68,0.77,0.8,0.85,0.86,0.9,0.97,1.13,1.25,1.85,"WY","56","Wyoming"
"Mothership","MT(No TPA)",71,0.28,0.64,0.72,0.77,0.8,0.88,0.9,0.95,1.02,1.05,1.07,1.11,1.17,1.2,1.23,1.26,1.33,1.57,2.2,3.96,9.33,"WY","56","Wyoming"
"Transfer","TPA",6,0.57,0.58,0.6,0.62,0.63,0.63,0.63,0.63,0.63,0.66,0.69,0.72,0.75,0.75,0.76,0.76,0.77,0.81,0.85,0.89,0.93,"WY","56","Wyoming"
"Transfer","MT",16,0.25,0.55,0.71,0.78,0.8,0.81,0.85,0.89,0.9,0.92,0.94,0.96,1,1.01,1.07,1.2,1.4,1.65,2.23,4.35,9.25,"WY","56","Wyoming"
"Transfer","Transfer",167,0.1,0.31,0.85,0.97,1.07,1.13,1.18,1.27,1.33,1.38,1.48,1.58,1.68,1.8,2.13,2.5,2.91,3.68,7.54,9.73,11.9,"WY","56","Wyoming"
